dist_lgd,n_months,n_raw_surges,n_raw_dips,sign_flip_rate,surge_artefact_rate,dip_artefact_rate,surge_artefact_among_surges,dip_artefact_among_dips,method,n_complete,med_total
1,52,18,19,0.34615384615384615,0.07692307692307693,0.15384615384615385,0.2222222222222222,0.42105263157894735,STL,52,30
2,52,20,26,0.28846153846153844,0.09615384615384616,0.19230769230769232,0.25,0.38461538461538464,STL,52,7
3,52,18,24,0.28846153846153844,0.11538461538461539,0.23076923076923078,0.3333333333333333,0.5,STL,52,33
4,52,18,17,0.2692307692307692,0.15384615384615385,0.15384615384615385,0.4444444444444444,0.47058823529411764,STL,52,40
5,52,15,12,0.36538461538461536,0.23076923076923078,0.17307692307692307,0.8,0.75,STL,52,318.5
6,52,22,25,0.23076923076923078,0.09615384615384616,0.15384615384615385,0.22727272727272727,0.32,STL,52,9
7,52,15,14,0.2692307692307692,0.15384615384615385,0.11538461538461539,0.5333333333333333,0.42857142857142855,STL,52,98.5
8,52,19,23,0.23076923076923078,0.11538461538461539,0.15384615384615385,0.3157894736842105,0.34782608695652173,STL,52,27.5
9,52,23,22,0.19230769230769232,0.17307692307692307,0.057692307692307696,0.391304347826087,0.13636363636363635,STL,52,15
10,52,16,19,0.28846153846153844,0.1346153846153846,0.11538461538461539,0.4375,0.3157894736842105,STL,52,39
11,52,19,27,0.23076923076923078,0.07692307692307693,0.15384615384615385,0.21052631578947367,0.2962962962962963,STL,52,11
12,52,21,18,0.17307692307692307,0.15384615384615385,0.057692307692307696,0.38095238095238093,0.16666666666666666,STL,52,58
13,52,12,23,0.28846153846153844,0.09615384615384616,0.25,0.4166666666666667,0.5652173913043478,STL,52,117
14,52,17,18,0.21153846153846154,0.11538461538461539,0.15384615384615385,0.35294117647058826,0.4444444444444444,STL,52,75
15,52,17,13,0.17307692307692307,0.09615384615384616,0.038461538461538464,0.29411764705882354,0.15384615384615385,STL,52,63.5
16,52,16,16,0.3076923076923077,0.07692307692307693,0.11538461538461539,0.25,0.375,STL,52,88.5
17,52,17,20,0.23076923076923078,0.1346153846153846,0.1346153846153846,0.4117647058823529,0.35,STL,52,71.5
18,52,17,15,0.36538461538461536,0.2692307692307692,0.21153846153846154,0.8235294117647058,0.7333333333333333,STL,52,254
19,52,24,24,0.17307692307692307,0.07692307692307693,0.07692307692307693,0.16666666666666666,0.16666666666666666,STL,52,7
20,52,17,18,0.21153846153846154,0.038461538461538464,0.057692307692307696,0.11764705882352941,0.16666666666666666,STL,52,103
21,30,12,13,0.2,0,0.06666666666666667,0,0.15384615384615385,simple,51,1
22,52,16,16,0.34615384615384615,0.19230769230769232,0.21153846153846154,0.625,0.6875,STL,52,182
23,52,11,9,0.3269230769230769,0.15384615384615385,0.09615384615384616,0.7272727272727273,0.5555555555555556,STL,52,182.5
24,52,15,15,0.23076923076923078,0.19230769230769232,0.1346153846153846,0.6666666666666666,0.4666666666666667,STL,52,79.5
25,52,15,13,0.36538461538461536,0.17307692307692307,0.11538461538461539,0.6,0.46153846153846156,STL,52,166
26,52,19,15,0.1346153846153846,0.1346153846153846,0.1346153846153846,0.3684210526315789,0.4666666666666667,STL,52,63
27,52,10,12,0.5192307692307693,0.1346153846153846,0.15384615384615385,0.7,0.6666666666666666,STL,52,678.5
28,52,14,13,0.28846153846153844,0.17307692307692307,0.15384615384615385,0.6428571428571429,0.6153846153846154,STL,52,265
29,52,18,17,0.28846153846153844,0.23076923076923078,0.17307692307692307,0.6666666666666666,0.5294117647058824,STL,52,175.5
30,52,17,17,0.2692307692307692,0.1346153846153846,0.15384615384615385,0.4117647058823529,0.47058823529411764,STL,52,47
31,52,12,14,0.3269230769230769,0.09615384615384616,0.15384615384615385,0.4166666666666667,0.5714285714285714,STL,52,123
32,52,17,15,0.2692307692307692,0.17307692307692307,0.15384615384615385,0.5294117647058824,0.5333333333333333,STL,52,164
33,52,17,19,0.3269230769230769,0.23076923076923078,0.23076923076923078,0.7058823529411765,0.631578947368421,STL,52,160
34,52,12,9,0.3076923076923077,0.15384615384615385,0.07692307692307693,0.6666666666666666,0.4444444444444444,STL,52,437.5
35,52,19,17,0.23076923076923078,0.17307692307692307,0.1346153846153846,0.47368421052631576,0.4117647058823529,STL,52,79
36,52,11,10,0.4807692307692308,0.15384615384615385,0.17307692307692307,0.7272727272727273,0.9,STL,52,969.5
37,52,16,17,0.25,0.19230769230769232,0.11538461538461539,0.625,0.35294117647058826,STL,52,71
38,52,16,17,0.3076923076923077,0.17307692307692307,0.15384615384615385,0.5625,0.47058823529411764,STL,52,105
39,52,15,18,0.3076923076923077,0.19230769230769232,0.21153846153846154,0.6666666666666666,0.6111111111111112,STL,52,104.5
40,52,19,16,0.21153846153846154,0.1346153846153846,0.15384615384615385,0.3684210526315789,0.5,STL,52,56
41,52,11,10,0.4423076923076923,0.17307692307692307,0.15384615384615385,0.8181818181818182,0.8,STL,52,520.5
42,52,20,14,0.25,0.25,0.11538461538461539,0.65,0.42857142857142855,STL,52,75
43,52,13,15,0.23076923076923078,0.09615384615384616,0.09615384615384616,0.38461538461538464,0.3333333333333333,STL,52,168.5
44,52,13,14,0.3076923076923077,0.17307692307692307,0.21153846153846154,0.6923076923076923,0.7857142857142857,STL,52,526.5
45,52,19,15,0.23076923076923078,0.1346153846153846,0.07692307692307693,0.3684210526315789,0.26666666666666666,STL,52,52
46,52,21,23,0.15384615384615385,0.11538461538461539,0.09615384615384616,0.2857142857142857,0.21739130434782608,STL,52,27
47,52,21,21,0.23076923076923078,0.17307692307692307,0.23076923076923078,0.42857142857142855,0.5714285714285714,STL,52,36
48,52,18,23,0.23076923076923078,0.19230769230769232,0.19230769230769232,0.5555555555555556,0.43478260869565216,STL,52,26
49,52,13,7,0.38461538461538464,0.19230769230769232,0.07692307692307693,0.7692307692307693,0.5714285714285714,STL,52,694.5
50,52,15,11,0.38461538461538464,0.23076923076923078,0.15384615384615385,0.8,0.7272727272727273,STL,52,531.5
51,52,9,9,0.46153846153846156,0.11538461538461539,0.057692307692307696,0.6666666666666666,0.3333333333333333,STL,52,284.5
52,52,14,15,0.28846153846153844,0.17307692307692307,0.17307692307692307,0.6428571428571429,0.6,STL,52,111.5
53,52,17,18,0.25,0.07692307692307693,0.11538461538461539,0.23529411764705882,0.3333333333333333,STL,52,46
54,52,23,20,0.21153846153846154,0.21153846153846154,0.09615384615384616,0.4782608695652174,0.25,STL,52,26
55,52,18,19,0.25,0.17307692307692307,0.1346153846153846,0.5,0.3684210526315789,STL,52,41
56,52,14,11,0.40384615384615385,0.15384615384615385,0.09615384615384616,0.5714285714285714,0.45454545454545453,STL,52,388
57,52,17,20,0.17307692307692307,0.09615384615384616,0.11538461538461539,0.29411764705882354,0.3,STL,52,45
58,52,15,14,0.28846153846153844,0.17307692307692307,0.1346153846153846,0.6,0.5,STL,52,264
59,52,11,10,0.36538461538461536,0.11538461538461539,0.11538461538461539,0.5454545454545454,0.6,STL,52,243.5
60,52,17,14,0.36538461538461536,0.2692307692307692,0.23076923076923078,0.8235294117647058,0.8571428571428571,STL,52,773.5
61,52,15,12,0.36538461538461536,0.21153846153846154,0.11538461538461539,0.7333333333333333,0.5,STL,52,177.5
62,52,15,10,0.4230769230769231,0.23076923076923078,0.15384615384615385,0.8,0.8,STL,52,671
63,52,14,14,0.38461538461538464,0.17307692307692307,0.17307692307692307,0.6428571428571429,0.6428571428571429,STL,52,530
64,52,14,12,0.28846153846153844,0.17307692307692307,0.11538461538461539,0.6428571428571429,0.5,STL,52,167.5
65,52,11,14,0.36538461538461536,0.11538461538461539,0.17307692307692307,0.5454545454545454,0.6428571428571429,STL,52,190
66,52,15,13,0.3076923076923077,0.11538461538461539,0.1346153846153846,0.4,0.5384615384615384,STL,52,173.5
67,52,14,10,0.23076923076923078,0.17307692307692307,0.1346153846153846,0.6428571428571429,0.7,STL,52,438
68,52,18,12,0.2692307692307692,0.25,0.11538461538461539,0.7222222222222222,0.5,STL,52,181
69,52,18,18,0.21153846153846154,0.21153846153846154,0.17307692307692307,0.6111111111111112,0.5,STL,52,145.5
70,52,16,13,0.36538461538461536,0.17307692307692307,0.1346153846153846,0.5625,0.5384615384615384,STL,52,189.5
71,52,17,12,0.40384615384615385,0.21153846153846154,0.09615384615384616,0.6470588235294118,0.4166666666666667,STL,52,400
72,52,13,10,0.36538461538461536,0.11538461538461539,0.09615384615384616,0.46153846153846156,0.5,STL,52,228
73,52,14,10,0.34615384615384615,0.19230769230769232,0.09615384615384616,0.7142857142857143,0.5,STL,52,480.5
74,52,13,12,0.3269230769230769,0.17307692307692307,0.1346153846153846,0.6923076923076923,0.5833333333333334,STL,52,273
75,52,13,10,0.38461538461538464,0.15384615384615385,0.11538461538461539,0.6153846153846154,0.6,STL,52,388.5
76,52,10,9,0.38461538461538464,0.057692307692307696,0.11538461538461539,0.3,0.6666666666666666,STL,52,257.5
77,52,12,11,0.46153846153846156,0.17307692307692307,0.15384615384615385,0.75,0.7272727272727273,STL,52,929.5
78,52,10,11,0.34615384615384615,0.17307692307692307,0.11538461538461539,0.9,0.5454545454545454,STL,52,518.5
79,52,13,9,0.4423076923076923,0.17307692307692307,0.1346153846153846,0.6923076923076923,0.7777777777777778,STL,52,526.5
80,52,9,8,0.4423076923076923,0.11538461538461539,0.09615384615384616,0.6666666666666666,0.625,STL,52,770
81,52,10,9,0.40384615384615385,0.1346153846153846,0.09615384615384616,0.7,0.5555555555555556,STL,52,655
82,52,14,10,0.3076923076923077,0.11538461538461539,0.07692307692307693,0.42857142857142855,0.4,STL,52,288
83,52,15,8,0.40384615384615385,0.25,0.09615384615384616,0.8666666666666667,0.625,STL,52,1945.5
84,52,13,14,0.3269230769230769,0.1346153846153846,0.17307692307692307,0.5384615384615384,0.6428571428571429,STL,52,416
85,52,11,12,0.40384615384615385,0.17307692307692307,0.1346153846153846,0.8181818181818182,0.5833333333333334,STL,52,1089
86,52,15,12,0.40384615384615385,0.17307692307692307,0.15384615384615385,0.6,0.6666666666666666,STL,52,539.5
87,52,11,10,0.34615384615384615,0.17307692307692307,0.1346153846153846,0.8181818181818182,0.7,STL,52,918
88,52,16,16,0.19230769230769232,0.15384615384615385,0.11538461538461539,0.5,0.375,STL,52,382.5
89,52,13,11,0.34615384615384615,0.15384615384615385,0.15384615384615385,0.6153846153846154,0.7272727272727273,STL,52,201
90,52,15,14,0.25,0.07692307692307693,0.11538461538461539,0.26666666666666666,0.42857142857142855,STL,52,174.5
91,52,16,14,0.25,0.19230769230769232,0.15384615384615385,0.625,0.5714285714285714,STL,52,449
92,52,13,13,0.3076923076923077,0.11538461538461539,0.17307692307692307,0.46153846153846156,0.6923076923076923,STL,52,514.5
93,52,15,13,0.3269230769230769,0.17307692307692307,0.17307692307692307,0.6,0.6923076923076923,STL,52,480
94,52,16,15,0.15384615384615385,0.11538461538461539,0.09615384615384616,0.375,0.3333333333333333,STL,52,235
95,52,15,13,0.2692307692307692,0.11538461538461539,0.09615384615384616,0.4,0.38461538461538464,STL,52,248
96,52,13,15,0.2692307692307692,0.17307692307692307,0.19230769230769232,0.6923076923076923,0.6666666666666666,STL,52,211.5
97,52,18,13,0.36538461538461536,0.21153846153846154,0.15384615384615385,0.6111111111111112,0.6153846153846154,STL,52,235.5
98,52,12,14,0.36538461538461536,0.15384615384615385,0.15384615384615385,0.6666666666666666,0.5714285714285714,STL,52,306.5
99,52,15,15,0.38461538461538464,0.17307692307692307,0.17307692307692307,0.6,0.6,STL,52,321.5
100,52,14,11,0.36538461538461536,0.1346153846153846,0.1346153846153846,0.5,0.6363636363636364,STL,52,409
101,52,13,14,0.36538461538461536,0.1346153846153846,0.1346153846153846,0.5384615384615384,0.5,STL,52,346
102,52,14,8,0.36538461538461536,0.21153846153846154,0.07692307692307693,0.7857142857142857,0.5,STL,52,2066.5
103,52,19,17,0.15384615384615385,0.11538461538461539,0.07692307692307693,0.3157894736842105,0.23529411764705882,STL,52,39
104,52,13,16,0.17307692307692307,0.057692307692307696,0.11538461538461539,0.23076923076923078,0.375,STL,52,268.5
105,52,14,12,0.25,0.17307692307692307,0.09615384615384616,0.6428571428571429,0.4166666666666667,STL,52,295.5
106,52,17,15,0.25,0.15384615384615385,0.1346153846153846,0.47058823529411764,0.4666666666666667,STL,52,216.5
107,52,11,9,0.28846153846153844,0.15384615384615385,0.057692307692307696,0.7272727272727273,0.3333333333333333,STL,52,678.5
108,52,14,13,0.34615384615384615,0.15384615384615385,0.09615384615384616,0.5714285714285714,0.38461538461538464,STL,52,400
109,52,13,11,0.23076923076923078,0.17307692307692307,0.11538461538461539,0.6923076923076923,0.5454545454545454,STL,52,580.5
110,52,14,13,0.2692307692307692,0.15384615384615385,0.1346153846153846,0.5714285714285714,0.5384615384615384,STL,52,358.5
111,52,18,14,0.28846153846153844,0.23076923076923078,0.17307692307692307,0.6666666666666666,0.6428571428571429,STL,52,264.5
112,52,16,12,0.23076923076923078,0.09615384615384616,0.057692307692307696,0.3125,0.25,STL,52,214.5
113,52,15,11,0.38461538461538464,0.17307692307692307,0.09615384615384616,0.6,0.45454545454545453,STL,52,321
114,52,16,16,0.19230769230769232,0.1346153846153846,0.1346153846153846,0.4375,0.4375,STL,52,443.5
115,52,17,19,0.25,0.15384615384615385,0.17307692307692307,0.47058823529411764,0.47368421052631576,STL,52,191.5
116,52,15,14,0.28846153846153844,0.17307692307692307,0.1346153846153846,0.6,0.5,STL,52,293.5
117,52,13,11,0.2692307692307692,0.11538461538461539,0.17307692307692307,0.46153846153846156,0.8181818181818182,STL,52,858
118,52,11,8,0.4230769230769231,0.15384615384615385,0.11538461538461539,0.7272727272727273,0.75,STL,52,2258.5
119,52,12,10,0.3076923076923077,0.15384615384615385,0.11538461538461539,0.6666666666666666,0.6,STL,52,1550.5
120,52,10,10,0.4423076923076923,0.07692307692307693,0.11538461538461539,0.4,0.6,STL,52,1646
121,52,12,11,0.28846153846153844,0.17307692307692307,0.17307692307692307,0.75,0.8181818181818182,STL,52,387
122,52,12,11,0.3076923076923077,0.1346153846153846,0.11538461538461539,0.5833333333333334,0.5454545454545454,STL,52,253
123,52,9,4,0.40384615384615385,0.09615384615384616,0.038461538461538464,0.5555555555555556,0.5,STL,52,806
124,52,17,16,0.3269230769230769,0.1346153846153846,0.17307692307692307,0.4117647058823529,0.5625,STL,52,271
125,52,11,9,0.4807692307692308,0.1346153846153846,0.057692307692307696,0.6363636363636364,0.3333333333333333,STL,52,768
126,52,8,5,0.36538461538461536,0.11538461538461539,0.038461538461538464,0.75,0.4,STL,52,548.5
127,52,13,15,0.38461538461538464,0.07692307692307693,0.1346153846153846,0.3076923076923077,0.4666666666666667,STL,52,260.5
128,52,14,10,0.34615384615384615,0.17307692307692307,0.09615384615384616,0.6428571428571429,0.5,STL,52,418.5
129,52,9,5,0.4230769230769231,0.09615384615384616,0.057692307692307696,0.5555555555555556,0.6,STL,52,735.5
130,52,10,7,0.4230769230769231,0.17307692307692307,0.11538461538461539,0.9,0.8571428571428571,STL,52,1858
131,52,13,13,0.34615384615384615,0.17307692307692307,0.1346153846153846,0.6923076923076923,0.5384615384615384,STL,52,593
132,52,10,11,0.4423076923076923,0.07692307692307693,0.1346153846153846,0.4,0.6363636363636364,STL,52,940
133,52,16,11,0.4423076923076923,0.25,0.15384615384615385,0.8125,0.7272727272727273,STL,52,533
134,52,12,10,0.36538461538461536,0.11538461538461539,0.11538461538461539,0.5,0.6,STL,52,944
135,52,8,8,0.36538461538461536,0.057692307692307696,0.07692307692307693,0.375,0.5,STL,52,329
136,52,17,16,0.21153846153846154,0.07692307692307693,0.15384615384615385,0.23529411764705882,0.5,STL,52,221
137,52,8,3,0.40384615384615385,0.09615384615384616,0,0.625,0,STL,52,487
138,52,13,12,0.2692307692307692,0.1346153846153846,0.1346153846153846,0.5384615384615384,0.5833333333333334,STL,52,572
139,52,18,15,0.3269230769230769,0.19230769230769232,0.15384615384615385,0.5555555555555556,0.5333333333333333,STL,52,440.5
140,52,10,7,0.3076923076923077,0.09615384615384616,0.019230769230769232,0.5,0.14285714285714285,STL,52,672.5
141,52,15,12,0.3076923076923077,0.15384615384615385,0.15384615384615385,0.5333333333333333,0.6666666666666666,STL,52,387.5
142,52,7,5,0.21153846153846154,0.057692307692307696,0.019230769230769232,0.42857142857142855,0.2,STL,52,591
143,52,11,10,0.4423076923076923,0.1346153846153846,0.09615384615384616,0.6363636363636364,0.5,STL,52,704.5
144,52,13,8,0.40384615384615385,0.17307692307692307,0.09615384615384616,0.6923076923076923,0.625,STL,52,954
145,52,7,5,0.36538461538461536,0.07692307692307693,0.057692307692307696,0.5714285714285714,0.6,STL,52,1581
146,52,11,10,0.3076923076923077,0.07692307692307693,0.09615384615384616,0.36363636363636365,0.5,STL,52,366.5
147,52,14,10,0.38461538461538464,0.15384615384615385,0.09615384615384616,0.5714285714285714,0.5,STL,52,883
148,52,9,8,0.46153846153846156,0.057692307692307696,0.09615384615384616,0.3333333333333333,0.625,STL,52,1326.5
149,52,11,13,0.19230769230769232,0.057692307692307696,0.09615384615384616,0.2727272727272727,0.38461538461538464,STL,52,255.5
150,52,10,8,0.4230769230769231,0.09615384615384616,0.09615384615384616,0.5,0.625,STL,52,1097.5
151,52,15,14,0.3269230769230769,0.15384615384615385,0.1346153846153846,0.5333333333333333,0.5,STL,52,373.5
152,52,11,10,0.3076923076923077,0.1346153846153846,0.09615384615384616,0.6363636363636364,0.5,STL,52,916.5
153,52,10,11,0.34615384615384615,0.11538461538461539,0.17307692307692307,0.6,0.8181818181818182,STL,52,749
154,52,14,14,0.19230769230769232,0.15384615384615385,0.11538461538461539,0.5714285714285714,0.42857142857142855,STL,52,349
155,52,15,17,0.4230769230769231,0.15384615384615385,0.23076923076923078,0.5333333333333333,0.7058823529411765,STL,52,274.5
156,52,14,6,0.3076923076923077,0.17307692307692307,0.057692307692307696,0.6428571428571429,0.5,STL,52,317.5
157,52,11,7,0.4423076923076923,0.17307692307692307,0.11538461538461539,0.8181818181818182,0.8571428571428571,STL,52,2073.5
158,52,18,17,0.25,0.17307692307692307,0.15384615384615385,0.5,0.47058823529411764,STL,52,299
159,52,11,8,0.38461538461538464,0.15384615384615385,0.07692307692307693,0.7272727272727273,0.5,STL,52,945
160,52,14,13,0.36538461538461536,0.11538461538461539,0.09615384615384616,0.42857142857142855,0.38461538461538464,STL,52,535
161,52,13,11,0.3076923076923077,0.1346153846153846,0.07692307692307693,0.5384615384615384,0.36363636363636365,STL,52,349.5
162,52,12,7,0.4807692307692308,0.19230769230769232,0.09615384615384616,0.8333333333333334,0.7142857142857143,STL,52,2431.5
163,52,16,15,0.23076923076923078,0.11538461538461539,0.21153846153846154,0.375,0.7333333333333333,STL,52,381.5
164,52,10,10,0.34615384615384615,0.11538461538461539,0.11538461538461539,0.6,0.6,STL,52,417.5
165,52,18,16,0.23076923076923078,0.17307692307692307,0.15384615384615385,0.5,0.5,STL,52,189
166,52,16,13,0.40384615384615385,0.19230769230769232,0.15384615384615385,0.625,0.6153846153846154,STL,52,337
167,52,14,13,0.23076923076923078,0.19230769230769232,0.15384615384615385,0.7142857142857143,0.6153846153846154,STL,52,1337.5
168,52,14,10,0.36538461538461536,0.15384615384615385,0.07692307692307693,0.5714285714285714,0.4,STL,52,364
169,52,8,9,0.4230769230769231,0.09615384615384616,0.1346153846153846,0.625,0.7777777777777778,STL,52,1409
170,52,8,8,0.38461538461538464,0.09615384615384616,0.09615384615384616,0.625,0.625,STL,52,484.5
171,52,13,10,0.40384615384615385,0.19230769230769232,0.15384615384615385,0.7692307692307693,0.8,STL,52,1226.5
172,52,10,11,0.34615384615384615,0.1346153846153846,0.1346153846153846,0.7,0.6363636363636364,STL,52,761.5
173,52,12,13,0.4423076923076923,0.11538461538461539,0.17307692307692307,0.5,0.6923076923076923,STL,52,399
174,52,3,6,0.4423076923076923,0.019230769230769232,0.057692307692307696,0.3333333333333333,0.5,STL,52,530.5
175,52,10,10,0.3269230769230769,0.07692307692307693,0.11538461538461539,0.4,0.6,STL,52,605
176,52,10,7,0.36538461538461536,0.11538461538461539,0.09615384615384616,0.6,0.7142857142857143,STL,52,767
177,52,8,5,0.38461538461538464,0.1346153846153846,0.057692307692307696,0.875,0.6,STL,52,1076
178,52,15,13,0.28846153846153844,0.15384615384615385,0.15384615384615385,0.5333333333333333,0.6153846153846154,STL,52,293
179,52,13,13,0.2692307692307692,0.07692307692307693,0.11538461538461539,0.3076923076923077,0.46153846153846156,STL,52,203
180,52,12,9,0.38461538461538464,0.17307692307692307,0.07692307692307693,0.75,0.4444444444444444,STL,52,887.5
181,52,15,12,0.3269230769230769,0.1346153846153846,0.09615384615384616,0.4666666666666667,0.4166666666666667,STL,52,188.5
182,52,16,14,0.23076923076923078,0.15384615384615385,0.15384615384615385,0.5,0.5714285714285714,STL,52,342.5
183,52,12,12,0.40384615384615385,0.15384615384615385,0.1346153846153846,0.6666666666666666,0.5833333333333334,STL,52,1279
184,52,13,8,0.34615384615384615,0.17307692307692307,0.11538461538461539,0.6923076923076923,0.75,STL,52,339.5
185,52,13,13,0.34615384615384615,0.19230769230769232,0.15384615384615385,0.7692307692307693,0.6153846153846154,STL,52,339.5
186,52,15,9,0.25,0.15384615384615385,0.1346153846153846,0.5333333333333333,0.7777777777777778,STL,52,516.5
187,52,9,8,0.4807692307692308,0.07692307692307693,0.09615384615384616,0.4444444444444444,0.625,STL,52,1439
188,52,14,12,0.34615384615384615,0.1346153846153846,0.09615384615384616,0.5,0.4166666666666667,STL,52,243
189,52,18,11,0.28846153846153844,0.19230769230769232,0.11538461538461539,0.5555555555555556,0.5454545454545454,STL,52,212.5
190,52,13,14,0.34615384615384615,0.15384615384615385,0.17307692307692307,0.6153846153846154,0.6428571428571429,STL,52,157.5
191,52,12,9,0.36538461538461536,0.17307692307692307,0.07692307692307693,0.75,0.4444444444444444,STL,52,615.5
192,52,12,9,0.3076923076923077,0.15384615384615385,0.11538461538461539,0.6666666666666666,0.6666666666666666,STL,52,649
193,52,10,4,0.34615384615384615,0.1346153846153846,0.057692307692307696,0.7,0.75,STL,52,417.5
194,52,14,9,0.34615384615384615,0.1346153846153846,0.07692307692307693,0.5,0.4444444444444444,STL,52,353.5
195,52,15,9,0.23076923076923078,0.07692307692307693,0.07692307692307693,0.26666666666666666,0.4444444444444444,STL,52,974.5
196,52,13,11,0.38461538461538464,0.1346153846153846,0.1346153846153846,0.5384615384615384,0.6363636363636364,STL,52,803.5
197,52,11,8,0.40384615384615385,0.1346153846153846,0.09615384615384616,0.6363636363636364,0.625,STL,52,471.5
198,52,13,15,0.25,0.038461538461538464,0.11538461538461539,0.15384615384615385,0.4,STL,52,80.5
199,52,21,13,0.36538461538461536,0.25,0.19230769230769232,0.6190476190476191,0.7692307692307693,STL,52,93.5
200,52,13,11,0.34615384615384615,0.1346153846153846,0.11538461538461539,0.5384615384615384,0.5454545454545454,STL,52,182
201,52,5,3,0.36538461538461536,0.07692307692307693,0.019230769230769232,0.8,0.3333333333333333,STL,52,561
202,52,17,14,0.25,0.15384615384615385,0.11538461538461539,0.47058823529411764,0.42857142857142855,STL,52,129
203,52,17,11,0.25,0.11538461538461539,0.057692307692307696,0.35294117647058826,0.2727272727272727,STL,52,121
204,52,14,14,0.2692307692307692,0.07692307692307693,0.1346153846153846,0.2857142857142857,0.5,STL,52,80.5
205,52,19,13,0.21153846153846154,0.21153846153846154,0.11538461538461539,0.5789473684210527,0.46153846153846156,STL,52,143
206,52,16,10,0.25,0.09615384615384616,0.019230769230769232,0.3125,0.1,STL,52,602.5
207,52,10,9,0.40384615384615385,0.11538461538461539,0.09615384615384616,0.6,0.5555555555555556,STL,52,292
208,52,16,7,0.3076923076923077,0.15384615384615385,0.07692307692307693,0.5,0.5714285714285714,STL,52,796
209,52,11,8,0.28846153846153844,0.11538461538461539,0.057692307692307696,0.5454545454545454,0.375,STL,52,342
210,52,12,13,0.38461538461538464,0.11538461538461539,0.15384615384615385,0.5,0.6153846153846154,STL,52,159
211,52,11,10,0.3269230769230769,0.11538461538461539,0.09615384615384616,0.5454545454545454,0.5,STL,52,577
212,52,9,10,0.38461538461538464,0.11538461538461539,0.11538461538461539,0.6666666666666666,0.6,STL,52,2086
213,52,17,10,0.28846153846153844,0.057692307692307696,0.09615384615384616,0.17647058823529413,0.5,STL,52,701
214,52,17,12,0.36538461538461536,0.21153846153846154,0.19230769230769232,0.6470588235294118,0.8333333333333334,STL,52,493
215,52,15,8,0.28846153846153844,0.1346153846153846,0.038461538461538464,0.4666666666666667,0.25,STL,52,343.5
216,52,8,4,0.34615384615384615,0.09615384615384616,0.057692307692307696,0.625,0.75,STL,52,375
217,52,10,7,0.38461538461538464,0.1346153846153846,0.11538461538461539,0.7,0.8571428571428571,STL,52,793
218,52,12,14,0.34615384615384615,0.11538461538461539,0.17307692307692307,0.5,0.6428571428571429,STL,52,419
219,52,17,12,0.3269230769230769,0.15384615384615385,0.17307692307692307,0.47058823529411764,0.75,STL,52,84
220,52,15,13,0.28846153846153844,0.11538461538461539,0.1346153846153846,0.4,0.5384615384615384,STL,52,66
221,52,16,11,0.17307692307692307,0.15384615384615385,0.057692307692307696,0.5,0.2727272727272727,STL,52,553.5
222,52,9,6,0.3076923076923077,0.11538461538461539,0.07692307692307693,0.6666666666666666,0.6666666666666666,STL,52,538
223,52,16,12,0.21153846153846154,0.15384615384615385,0.11538461538461539,0.5,0.5,STL,52,160.5
224,52,8,4,0.40384615384615385,0.07692307692307693,0.019230769230769232,0.5,0.25,STL,52,591.5
225,52,21,16,0.17307692307692307,0.11538461538461539,0.07692307692307693,0.2857142857142857,0.25,STL,52,59
226,47,16,22,0.2978723404255319,0.02127659574468085,0.0851063829787234,0.0625,0.18181818181818182,simple,52,2
227,52,20,21,0.15384615384615385,0.07692307692307693,0.11538461538461539,0.2,0.2857142857142857,STL,52,18
228,52,27,20,0.3076923076923077,0.23076923076923078,0.09615384615384616,0.4444444444444444,0.25,STL,52,8
229,52,19,24,0.28846153846153844,0.09615384615384616,0.17307692307692307,0.2631578947368421,0.375,STL,52,10
230,1,0,0,1,0,0,NA,NA,simple,43,0
231,52,22,24,0.19230769230769232,0.09615384615384616,0.057692307692307696,0.22727272727272727,0.125,STL,52,6
232,52,22,23,0.28846153846153844,0.11538461538461539,0.17307692307692307,0.2727272727272727,0.391304347826087,STL,52,14.5
233,23,3,12,0.391304347826087,0,0.043478260869565216,0,0.08333333333333333,simple,45,1
234,52,27,22,0.28846153846153844,0.2692307692307692,0.1346153846153846,0.5185185185185185,0.3181818181818182,STL,52,6
235,52,21,19,0.28846153846153844,0.07692307692307693,0.09615384615384616,0.19047619047619047,0.2631578947368421,STL,52,6
236,51,22,23,0.17647058823529413,0.058823529411764705,0.09803921568627451,0.13636363636363635,0.21739130434782608,STL,52,5
237,52,14,16,0.21153846153846154,0.11538461538461539,0.19230769230769232,0.42857142857142855,0.625,STL,52,115.5
238,46,17,20,0.32608695652173914,0.06521739130434782,0.06521739130434782,0.17647058823529413,0.15,simple,52,2
239,52,23,22,0.28846153846153844,0.19230769230769232,0.09615384615384616,0.43478260869565216,0.22727272727272727,STL,52,6
240,50,20,23,0.16,0.02,0,0.05,0,simple,52,3
241,52,21,22,0.36538461538461536,0.17307692307692307,0.1346153846153846,0.42857142857142855,0.3181818181818182,STL,52,5
242,52,24,23,0.28846153846153844,0.1346153846153846,0.07692307692307693,0.2916666666666667,0.17391304347826086,STL,52,5
243,52,26,21,0.21153846153846154,0.1346153846153846,0.07692307692307693,0.2692307692307692,0.19047619047619047,STL,52,8.5
244,52,16,21,0.3269230769230769,0.19230769230769232,0.17307692307692307,0.625,0.42857142857142855,STL,52,133
245,52,19,20,0.28846153846153844,0.1346153846153846,0.17307692307692307,0.3684210526315789,0.45,STL,52,46
246,52,20,22,0.23076923076923078,0.11538461538461539,0.17307692307692307,0.3,0.4090909090909091,STL,52,21
247,52,19,18,0.17307692307692307,0.15384615384615385,0.038461538461538464,0.42105263157894735,0.1111111111111111,STL,52,44
248,52,23,20,0.3269230769230769,0.15384615384615385,0.11538461538461539,0.34782608695652173,0.3,STL,52,8
249,52,22,21,0.23076923076923078,0.11538461538461539,0.19230769230769232,0.2727272727272727,0.47619047619047616,STL,52,18.5
250,52,23,24,0.11538461538461539,0.1346153846153846,0.07692307692307693,0.30434782608695654,0.16666666666666666,STL,52,8
251,52,23,24,0.21153846153846154,0.09615384615384616,0.09615384615384616,0.21739130434782608,0.20833333333333334,STL,52,5
252,52,24,22,0.28846153846153844,0.11538461538461539,0.09615384615384616,0.25,0.22727272727272727,simple,52,4
253,48,14,25,0.4166666666666667,0.0625,0.20833333333333334,0.21428571428571427,0.4,simple,52,4
254,52,20,18,0.23076923076923078,0.11538461538461539,0.15384615384615385,0.3,0.4444444444444444,STL,52,26
255,52,17,17,0.3076923076923077,0.15384615384615385,0.1346153846153846,0.47058823529411764,0.4117647058823529,STL,52,58
256,52,15,16,0.28846153846153844,0.07692307692307693,0.09615384615384616,0.26666666666666666,0.3125,STL,52,68
257,52,17,20,0.2692307692307692,0.07692307692307693,0.17307692307692307,0.23529411764705882,0.45,STL,52,14.5
258,37,8,21,0.35135135135135137,0.02702702702702703,0.10810810810810811,0.125,0.19047619047619047,simple,52,1
259,52,21,22,0.23076923076923078,0.07692307692307693,0.057692307692307696,0.19047619047619047,0.13636363636363635,simple,52,4
260,52,20,26,0.28846153846153844,0.09615384615384616,0.15384615384615385,0.25,0.3076923076923077,STL,52,5
261,52,19,19,0.3076923076923077,0.19230769230769232,0.23076923076923078,0.5263157894736842,0.631578947368421,STL,52,129.5
262,52,21,25,0.2692307692307692,0.09615384615384616,0.17307692307692307,0.23809523809523808,0.36,STL,52,7
263,52,22,23,0.2692307692307692,0.15384615384615385,0.1346153846153846,0.36363636363636365,0.30434782608695654,STL,52,10
264,52,21,28,0.2692307692307692,0.1346153846153846,0.19230769230769232,0.3333333333333333,0.35714285714285715,STL,52,7
265,52,19,23,0.3269230769230769,0.11538461538461539,0.17307692307692307,0.3157894736842105,0.391304347826087,STL,52,11
266,48,19,22,0.3333333333333333,0.125,0.0625,0.3157894736842105,0.13636363636363635,simple,52,2
267,52,22,23,0.17307692307692307,0.07692307692307693,0.057692307692307696,0.18181818181818182,0.13043478260869565,STL,52,10
268,51,23,21,0.2549019607843137,0.09803921568627451,0.058823529411764705,0.21739130434782608,0.14285714285714285,simple,52,4
269,52,20,21,0.4423076923076923,0.17307692307692307,0.17307692307692307,0.45,0.42857142857142855,STL,52,21
270,52,18,17,0.23076923076923078,0.11538461538461539,0.057692307692307696,0.3333333333333333,0.17647058823529413,STL,52,26.5
271,52,20,19,0.34615384615384615,0.19230769230769232,0.1346153846153846,0.5,0.3684210526315789,STL,52,20.5
272,52,17,16,0.3269230769230769,0.21153846153846154,0.11538461538461539,0.6470588235294118,0.375,STL,52,133
273,52,16,23,0.25,0.019230769230769232,0.11538461538461539,0.0625,0.2608695652173913,STL,52,12
274,52,12,14,0.4423076923076923,0.09615384615384616,0.15384615384615385,0.4166666666666667,0.5714285714285714,STL,52,184.5
275,52,19,19,0.36538461538461536,0.23076923076923078,0.21153846153846154,0.631578947368421,0.5789473684210527,STL,52,52
276,52,20,20,0.23076923076923078,0.11538461538461539,0.11538461538461539,0.3,0.3,STL,52,23
277,52,20,23,0.23076923076923078,0.09615384615384616,0.07692307692307693,0.25,0.17391304347826086,STL,52,9
278,52,17,17,0.25,0.09615384615384616,0.07692307692307693,0.29411764705882354,0.23529411764705882,STL,52,57.5
279,52,21,22,0.2692307692307692,0.11538461538461539,0.11538461538461539,0.2857142857142857,0.2727272727272727,STL,52,19.5
280,52,14,13,0.21153846153846154,0.11538461538461539,0.11538461538461539,0.42857142857142855,0.46153846153846156,STL,52,124.5
281,52,18,21,0.25,0.09615384615384616,0.15384615384615385,0.2777777777777778,0.38095238095238093,STL,52,18
282,52,14,13,0.28846153846153844,0.19230769230769232,0.1346153846153846,0.7142857142857143,0.5384615384615384,STL,52,240.5
283,52,18,19,0.21153846153846154,0.17307692307692307,0.17307692307692307,0.5,0.47368421052631576,STL,52,51.5
284,52,16,15,0.3269230769230769,0.07692307692307693,0.09615384615384616,0.25,0.3333333333333333,STL,52,71
285,52,15,15,0.4423076923076923,0.1346153846153846,0.1346153846153846,0.4666666666666667,0.4666666666666667,STL,52,176.5
286,52,13,11,0.3269230769230769,0.15384615384615385,0.11538461538461539,0.6153846153846154,0.5454545454545454,STL,52,368
287,52,13,9,0.28846153846153844,0.15384615384615385,0.07692307692307693,0.6153846153846154,0.4444444444444444,STL,52,141
288,52,16,15,0.36538461538461536,0.17307692307692307,0.15384615384615385,0.5625,0.5333333333333333,STL,52,142
289,52,18,19,0.15384615384615385,0.1346153846153846,0.038461538461538464,0.3888888888888889,0.10526315789473684,STL,52,34.5
290,52,13,14,0.25,0.11538461538461539,0.1346153846153846,0.46153846153846156,0.5,STL,52,177
291,52,16,16,0.2692307692307692,0.09615384615384616,0.1346153846153846,0.3125,0.4375,STL,52,86
292,52,15,14,0.28846153846153844,0.15384615384615385,0.09615384615384616,0.5333333333333333,0.35714285714285715,STL,52,88
293,52,19,20,0.28846153846153844,0.19230769230769232,0.21153846153846154,0.5263157894736842,0.55,STL,52,84
294,52,17,14,0.3076923076923077,0.17307692307692307,0.1346153846153846,0.5294117647058824,0.5,STL,52,174
295,52,16,15,0.23076923076923078,0.11538461538461539,0.11538461538461539,0.375,0.4,STL,52,92.5
296,52,14,17,0.28846153846153844,0.1346153846153846,0.15384615384615385,0.5,0.47058823529411764,STL,52,88.5
297,52,15,14,0.34615384615384615,0.17307692307692307,0.1346153846153846,0.6,0.5,STL,52,247
298,52,21,20,0.15384615384615385,0.15384615384615385,0.07692307692307693,0.38095238095238093,0.2,STL,52,67
299,52,18,22,0.17307692307692307,0.057692307692307696,0.15384615384615385,0.16666666666666666,0.36363636363636365,STL,52,41.5
300,52,19,17,0.19230769230769232,0.19230769230769232,0.1346153846153846,0.5263157894736842,0.4117647058823529,STL,52,78.5
301,52,11,8,0.28846153846153844,0.1346153846153846,0.09615384615384616,0.6363636363636364,0.625,STL,52,211.5
302,52,12,15,0.40384615384615385,0.09615384615384616,0.17307692307692307,0.4166666666666667,0.6,STL,52,287
303,52,12,6,0.40384615384615385,0.17307692307692307,0.09615384615384616,0.75,0.8333333333333334,STL,52,623.5
304,52,12,9,0.38461538461538464,0.19230769230769232,0.15384615384615385,0.8333333333333334,0.8888888888888888,STL,52,391
305,52,13,12,0.2692307692307692,0.15384615384615385,0.09615384615384616,0.6153846153846154,0.4166666666666667,STL,52,318.5
306,52,13,6,0.34615384615384615,0.21153846153846154,0.07692307692307693,0.8461538461538461,0.6666666666666666,STL,52,507
307,52,8,9,0.38461538461538464,0.11538461538461539,0.057692307692307696,0.75,0.3333333333333333,STL,52,363.5
308,52,14,13,0.28846153846153844,0.17307692307692307,0.17307692307692307,0.6428571428571429,0.6923076923076923,STL,52,179.5
309,52,13,9,0.21153846153846154,0.21153846153846154,0.09615384615384616,0.8461538461538461,0.5555555555555556,STL,52,350.5
310,52,16,16,0.34615384615384615,0.21153846153846154,0.15384615384615385,0.6875,0.5,STL,52,211
311,52,14,11,0.36538461538461536,0.17307692307692307,0.11538461538461539,0.6428571428571429,0.5454545454545454,STL,52,258.5
312,52,9,10,0.36538461538461536,0.11538461538461539,0.057692307692307696,0.6666666666666666,0.3,STL,52,407.5
313,52,11,9,0.4230769230769231,0.19230769230769232,0.1346153846153846,0.9090909090909091,0.7777777777777778,STL,52,337.5
314,52,16,14,0.34615384615384615,0.15384615384615385,0.19230769230769232,0.5,0.7142857142857143,STL,52,224.5
315,52,10,9,0.5576923076923077,0.19230769230769232,0.11538461538461539,1,0.6666666666666666,STL,52,1065
316,52,12,7,0.3269230769230769,0.19230769230769232,0.09615384615384616,0.8333333333333334,0.7142857142857143,STL,52,465.5
317,52,16,12,0.34615384615384615,0.17307692307692307,0.07692307692307693,0.5625,0.3333333333333333,STL,52,173
318,52,13,13,0.28846153846153844,0.19230769230769232,0.19230769230769232,0.7692307692307693,0.7692307692307693,STL,52,357
319,52,12,11,0.4423076923076923,0.17307692307692307,0.17307692307692307,0.75,0.8181818181818182,STL,52,650.5
320,52,13,10,0.25,0.21153846153846154,0.11538461538461539,0.8461538461538461,0.6,STL,52,293.5
321,52,14,13,0.34615384615384615,0.19230769230769232,0.17307692307692307,0.7142857142857143,0.6923076923076923,STL,52,239
322,52,11,11,0.3076923076923077,0.09615384615384616,0.019230769230769232,0.45454545454545453,0.09090909090909091,STL,52,304
323,52,16,16,0.23076923076923078,0.057692307692307696,0.07692307692307693,0.1875,0.25,STL,52,103.5
324,52,13,14,0.19230769230769232,0.07692307692307693,0.09615384615384616,0.3076923076923077,0.35714285714285715,STL,52,236.5
325,52,12,11,0.2692307692307692,0.11538461538461539,0.07692307692307693,0.5,0.36363636363636365,STL,52,306.5
326,52,17,17,0.28846153846153844,0.21153846153846154,0.17307692307692307,0.6470588235294118,0.5294117647058824,STL,52,282.5
327,52,8,7,0.34615384615384615,0.057692307692307696,0.07692307692307693,0.375,0.5714285714285714,STL,52,516.5
328,52,12,19,0.28846153846153844,0.07692307692307693,0.19230769230769232,0.3333333333333333,0.5263157894736842,STL,52,165.5
329,52,11,12,0.28846153846153844,0.057692307692307696,0.11538461538461539,0.2727272727272727,0.5,STL,52,261
330,52,12,13,0.3269230769230769,0.1346153846153846,0.15384615384615385,0.5833333333333334,0.6153846153846154,STL,52,196.5
331,52,20,18,0.15384615384615385,0.07692307692307693,0.07692307692307693,0.2,0.2222222222222222,STL,52,85
332,52,13,14,0.28846153846153844,0.11538461538461539,0.19230769230769232,0.46153846153846156,0.7142857142857143,STL,52,180
333,52,19,18,0.3269230769230769,0.17307692307692307,0.19230769230769232,0.47368421052631576,0.5555555555555556,STL,52,93
334,52,14,15,0.25,0.07692307692307693,0.07692307692307693,0.2857142857142857,0.26666666666666666,STL,52,77.5
335,52,15,18,0.25,0.07692307692307693,0.1346153846153846,0.26666666666666666,0.3888888888888889,STL,52,81.5
336,52,19,19,0.2692307692307692,0.11538461538461539,0.09615384615384616,0.3157894736842105,0.2631578947368421,STL,52,43.5
337,52,17,16,0.28846153846153844,0.1346153846153846,0.11538461538461539,0.4117647058823529,0.375,STL,52,165
338,52,11,12,0.2692307692307692,0.07692307692307693,0.11538461538461539,0.36363636363636365,0.5,STL,52,354
339,52,9,8,0.5,0.1346153846153846,0.057692307692307696,0.7777777777777778,0.375,STL,52,616
340,52,7,12,0.3076923076923077,0.07692307692307693,0.07692307692307693,0.5714285714285714,0.3333333333333333,STL,52,227
341,52,15,12,0.3076923076923077,0.11538461538461539,0.07692307692307693,0.4,0.3333333333333333,STL,52,165.5
342,52,16,17,0.17307692307692307,0.11538461538461539,0.07692307692307693,0.375,0.23529411764705882,STL,52,70.5
343,52,13,14,0.2692307692307692,0.09615384615384616,0.09615384615384616,0.38461538461538464,0.35714285714285715,STL,52,409
344,52,14,11,0.23076923076923078,0.1346153846153846,0.09615384615384616,0.5,0.45454545454545453,STL,52,116.5
345,52,15,10,0.2692307692307692,0.15384615384615385,0.038461538461538464,0.5333333333333333,0.2,STL,52,156
346,52,14,16,0.28846153846153844,0.11538461538461539,0.11538461538461539,0.42857142857142855,0.375,STL,52,195.5
347,52,22,16,0.21153846153846154,0.17307692307692307,0.07692307692307693,0.4090909090909091,0.25,STL,52,121.5
348,52,16,15,0.21153846153846154,0.1346153846153846,0.15384615384615385,0.4375,0.5333333333333333,STL,52,80
349,52,20,20,0.1346153846153846,0.15384615384615385,0.1346153846153846,0.4,0.35,STL,52,24
350,52,9,10,0.34615384615384615,0.057692307692307696,0.1346153846153846,0.3333333333333333,0.7,STL,52,384
351,52,19,21,0.21153846153846154,0.11538461538461539,0.057692307692307696,0.3157894736842105,0.14285714285714285,STL,52,20
352,52,12,13,0.3269230769230769,0.09615384615384616,0.1346153846153846,0.4166666666666667,0.5384615384615384,STL,52,91.5
353,52,21,16,0.3269230769230769,0.25,0.11538461538461539,0.6190476190476191,0.375,STL,52,112
354,52,10,9,0.28846153846153844,0.17307692307692307,0.07692307692307693,0.9,0.4444444444444444,STL,52,509.5
355,52,23,17,0.23076923076923078,0.11538461538461539,0,0.2608695652173913,0,STL,52,30
356,52,15,18,0.25,0.11538461538461539,0.17307692307692307,0.4,0.5,STL,52,101
357,52,18,19,0.23076923076923078,0.1346153846153846,0.09615384615384616,0.3888888888888889,0.2631578947368421,STL,52,58
358,52,10,13,0.3269230769230769,0.07692307692307693,0.17307692307692307,0.4,0.6923076923076923,STL,52,149.5
359,52,15,16,0.3269230769230769,0.19230769230769232,0.17307692307692307,0.6666666666666666,0.5625,STL,52,99.5
360,52,19,20,0.17307692307692307,0.17307692307692307,0.09615384615384616,0.47368421052631576,0.25,STL,52,53.5
361,52,14,11,0.40384615384615385,0.17307692307692307,0.11538461538461539,0.6428571428571429,0.5454545454545454,STL,52,272
362,52,8,6,0.34615384615384615,0.09615384615384616,0.057692307692307696,0.625,0.5,STL,52,483.5
363,52,10,15,0.2692307692307692,0.09615384615384616,0.11538461538461539,0.5,0.4,STL,52,199.5
364,52,16,18,0.36538461538461536,0.15384615384615385,0.19230769230769232,0.5,0.5555555555555556,STL,52,96.5
365,52,12,10,0.28846153846153844,0.15384615384615385,0.1346153846153846,0.6666666666666666,0.7,STL,52,504.5
366,52,13,13,0.3269230769230769,0.09615384615384616,0.1346153846153846,0.38461538461538464,0.5384615384615384,STL,52,133
367,52,12,15,0.21153846153846154,0.057692307692307696,0.15384615384615385,0.25,0.5333333333333333,STL,52,93
368,52,14,12,0.28846153846153844,0.07692307692307693,0.07692307692307693,0.2857142857142857,0.3333333333333333,STL,52,74.5
369,52,16,19,0.2692307692307692,0.1346153846153846,0.07692307692307693,0.4375,0.21052631578947367,STL,52,81
370,52,15,15,0.2692307692307692,0.15384615384615385,0.09615384615384616,0.5333333333333333,0.3333333333333333,STL,52,145.5
371,52,13,12,0.17307692307692307,0.11538461538461539,0.09615384615384616,0.46153846153846156,0.4166666666666667,STL,52,235.5
372,52,23,20,0.15384615384615385,0.17307692307692307,0.07692307692307693,0.391304347826087,0.2,STL,52,29.5
373,52,19,14,0.34615384615384615,0.2692307692307692,0.17307692307692307,0.7368421052631579,0.6428571428571429,STL,52,336.5
374,52,14,13,0.19230769230769232,0.1346153846153846,0.1346153846153846,0.5,0.5384615384615384,STL,52,127
375,52,16,13,0.15384615384615385,0.1346153846153846,0.057692307692307696,0.4375,0.23076923076923078,STL,52,141.5
376,52,15,17,0.15384615384615385,0.09615384615384616,0.15384615384615385,0.3333333333333333,0.47058823529411764,STL,52,54
377,52,22,17,0.17307692307692307,0.21153846153846154,0.09615384615384616,0.5,0.29411764705882354,STL,52,117.5
378,52,17,17,0.17307692307692307,0.09615384615384616,0.09615384615384616,0.29411764705882354,0.29411764705882354,STL,52,311.5
379,52,17,15,0.28846153846153844,0.15384615384615385,0.11538461538461539,0.47058823529411764,0.4,STL,52,103.5
380,52,18,23,0.17307692307692307,0.07692307692307693,0.11538461538461539,0.2222222222222222,0.2608695652173913,STL,52,76.5
381,52,17,18,0.11538461538461539,0.1346153846153846,0.07692307692307693,0.4117647058823529,0.2222222222222222,STL,52,69
382,52,15,15,0.23076923076923078,0.11538461538461539,0.07692307692307693,0.4,0.26666666666666666,STL,52,72.5
383,52,16,12,0.3076923076923077,0.19230769230769232,0.09615384615384616,0.625,0.4166666666666667,STL,52,141
384,52,18,21,0.2692307692307692,0.17307692307692307,0.19230769230769232,0.5,0.47619047619047616,STL,52,25
385,52,17,16,0.3269230769230769,0.11538461538461539,0.17307692307692307,0.35294117647058826,0.5625,STL,52,108
386,52,11,13,0.2692307692307692,0.09615384615384616,0.057692307692307696,0.45454545454545453,0.23076923076923078,STL,52,187.5
387,52,13,12,0.28846153846153844,0.17307692307692307,0.1346153846153846,0.6923076923076923,0.5833333333333334,STL,52,581
388,52,19,16,0.2692307692307692,0.19230769230769232,0.11538461538461539,0.5263157894736842,0.375,STL,52,108.5
389,52,13,12,0.19230769230769232,0.19230769230769232,0.15384615384615385,0.7692307692307693,0.6666666666666666,STL,52,291.5
390,52,18,20,0.28846153846153844,0.1346153846153846,0.19230769230769232,0.3888888888888889,0.5,STL,52,111
391,52,15,18,0.21153846153846154,0.1346153846153846,0.17307692307692307,0.4666666666666667,0.5,STL,52,209.5
392,52,17,18,0.34615384615384615,0.17307692307692307,0.1346153846153846,0.5294117647058824,0.3888888888888889,STL,52,217
393,52,12,15,0.28846153846153844,0.07692307692307693,0.11538461538461539,0.3333333333333333,0.4,STL,52,197
394,52,16,16,0.28846153846153844,0.11538461538461539,0.09615384615384616,0.375,0.3125,STL,52,158.5
395,52,19,16,0.28846153846153844,0.23076923076923078,0.19230769230769232,0.631578947368421,0.625,STL,52,308
396,52,12,10,0.4230769230769231,0.11538461538461539,0.09615384615384616,0.5,0.5,STL,52,1024
397,52,13,13,0.28846153846153844,0.15384615384615385,0.09615384615384616,0.6153846153846154,0.38461538461538464,STL,52,159.5
398,52,15,12,0.28846153846153844,0.11538461538461539,0.09615384615384616,0.4,0.4166666666666667,STL,52,861.5
399,52,18,16,0.2692307692307692,0.1346153846153846,0.11538461538461539,0.3888888888888889,0.375,STL,52,242
400,52,9,7,0.34615384615384615,0.057692307692307696,0.07692307692307693,0.3333333333333333,0.5714285714285714,STL,52,304
401,52,16,17,0.28846153846153844,0.07692307692307693,0.11538461538461539,0.25,0.35294117647058826,STL,52,158.5
402,52,8,8,0.3269230769230769,0.09615384615384616,0.057692307692307696,0.625,0.375,STL,52,202.5
403,52,12,9,0.34615384615384615,0.1346153846153846,0.09615384615384616,0.5833333333333334,0.5555555555555556,STL,52,403
404,52,14,19,0.23076923076923078,0.09615384615384616,0.19230769230769232,0.35714285714285715,0.5263157894736842,STL,52,82.5
405,52,14,14,0.2692307692307692,0.15384615384615385,0.057692307692307696,0.5714285714285714,0.21428571428571427,STL,52,210.5
406,52,11,15,0.34615384615384615,0.11538461538461539,0.09615384615384616,0.5454545454545454,0.3333333333333333,STL,52,245
407,52,11,11,0.34615384615384615,0.11538461538461539,0.11538461538461539,0.5454545454545454,0.5454545454545454,STL,52,924.5
408,52,14,15,0.23076923076923078,0.09615384615384616,0.11538461538461539,0.35714285714285715,0.4,STL,52,86.5
409,52,18,16,0.23076923076923078,0.17307692307692307,0.1346153846153846,0.5,0.4375,STL,52,211
410,52,17,13,0.3076923076923077,0.19230769230769232,0.15384615384615385,0.5882352941176471,0.6153846153846154,STL,52,810
411,52,5,5,0.4423076923076923,0.09615384615384616,0.057692307692307696,1,0.6,STL,52,632
412,52,14,11,0.25,0.15384615384615385,0.09615384615384616,0.5714285714285714,0.45454545454545453,STL,52,228
413,52,15,16,0.3076923076923077,0.09615384615384616,0.1346153846153846,0.3333333333333333,0.4375,STL,52,275
414,52,10,7,0.34615384615384615,0.11538461538461539,0.057692307692307696,0.6,0.42857142857142855,STL,52,281
415,52,18,16,0.28846153846153844,0.21153846153846154,0.11538461538461539,0.6111111111111112,0.375,STL,52,147
416,52,12,12,0.3269230769230769,0.11538461538461539,0.09615384615384616,0.5,0.4166666666666667,STL,52,243
417,52,9,14,0.25,0.11538461538461539,0.15384615384615385,0.6666666666666666,0.5714285714285714,STL,52,469.5
418,52,14,11,0.17307692307692307,0.09615384615384616,0.07692307692307693,0.35714285714285715,0.36363636363636365,STL,52,165
419,52,13,17,0.21153846153846154,0.07692307692307693,0.1346153846153846,0.3076923076923077,0.4117647058823529,STL,52,191
420,52,14,15,0.21153846153846154,0.09615384615384616,0.1346153846153846,0.35714285714285715,0.4666666666666667,STL,52,197.5
421,52,16,15,0.15384615384615385,0.11538461538461539,0.07692307692307693,0.375,0.26666666666666666,STL,52,159
422,52,15,12,0.21153846153846154,0.09615384615384616,0.11538461538461539,0.3333333333333333,0.5,STL,52,189
423,52,9,12,0.36538461538461536,0.11538461538461539,0.11538461538461539,0.6666666666666666,0.5,STL,52,285
424,52,15,11,0.2692307692307692,0.21153846153846154,0.11538461538461539,0.7333333333333333,0.5454545454545454,STL,52,464.5
425,52,9,12,0.2692307692307692,0.09615384615384616,0.11538461538461539,0.5555555555555556,0.5,STL,52,454.5
426,52,14,10,0.3076923076923077,0.19230769230769232,0.057692307692307696,0.7142857142857143,0.3,STL,52,386
427,52,15,15,0.23076923076923078,0.09615384615384616,0.07692307692307693,0.3333333333333333,0.26666666666666666,STL,52,137
428,52,17,15,0.21153846153846154,0.19230769230769232,0.09615384615384616,0.5882352941176471,0.3333333333333333,STL,52,139.5
429,52,16,14,0.3076923076923077,0.1346153846153846,0.1346153846153846,0.4375,0.5,STL,52,275
430,52,14,16,0.21153846153846154,0.1346153846153846,0.1346153846153846,0.5,0.4375,STL,52,128
431,52,12,12,0.23076923076923078,0.07692307692307693,0.057692307692307696,0.3333333333333333,0.25,STL,52,192.5
432,52,14,13,0.3269230769230769,0.1346153846153846,0.1346153846153846,0.5,0.5384615384615384,STL,52,409.5
433,52,15,19,0.3269230769230769,0.11538461538461539,0.15384615384615385,0.4,0.42105263157894735,STL,52,186.5
434,52,11,12,0.21153846153846154,0.019230769230769232,0.1346153846153846,0.09090909090909091,0.5833333333333334,STL,52,172.5
435,52,14,13,0.2692307692307692,0.15384615384615385,0.11538461538461539,0.5714285714285714,0.46153846153846156,STL,52,366.5
436,52,16,20,0.19230769230769232,0.057692307692307696,0.09615384615384616,0.1875,0.25,STL,52,110.5
437,52,17,16,0.28846153846153844,0.17307692307692307,0.15384615384615385,0.5294117647058824,0.5,STL,52,226.5
438,52,8,9,0.36538461538461536,0.11538461538461539,0.09615384615384616,0.75,0.5555555555555556,STL,52,1682
439,52,14,15,0.3269230769230769,0.11538461538461539,0.09615384615384616,0.42857142857142855,0.3333333333333333,STL,52,117
440,52,16,16,0.25,0.15384615384615385,0.15384615384615385,0.5,0.5,STL,52,404
441,52,10,10,0.34615384615384615,0.11538461538461539,0.09615384615384616,0.6,0.5,STL,52,591
442,52,12,12,0.36538461538461536,0.17307692307692307,0.15384615384615385,0.75,0.6666666666666666,STL,52,241
443,52,11,15,0.17307692307692307,0.09615384615384616,0.11538461538461539,0.45454545454545453,0.4,STL,52,376.5
444,52,18,16,0.28846153846153844,0.11538461538461539,0.057692307692307696,0.3333333333333333,0.1875,STL,52,21
445,52,17,16,0.2692307692307692,0.2692307692307692,0.21153846153846154,0.8235294117647058,0.6875,STL,52,727
446,52,14,14,0.3269230769230769,0.07692307692307693,0.1346153846153846,0.2857142857142857,0.5,STL,52,295
447,52,14,13,0.28846153846153844,0.11538461538461539,0.1346153846153846,0.42857142857142855,0.5384615384615384,STL,52,202
448,52,15,20,0.17307692307692307,0.17307692307692307,0.17307692307692307,0.6,0.45,STL,52,119
449,52,15,15,0.25,0.11538461538461539,0.11538461538461539,0.4,0.4,STL,52,276.5
450,52,12,10,0.38461538461538464,0.19230769230769232,0.15384615384615385,0.8333333333333334,0.8,STL,52,385
451,52,13,13,0.4230769230769231,0.17307692307692307,0.19230769230769232,0.6923076923076923,0.7692307692307693,STL,52,531.5
452,52,13,14,0.25,0.11538461538461539,0.09615384615384616,0.46153846153846156,0.35714285714285715,STL,52,118
453,52,15,15,0.36538461538461536,0.17307692307692307,0.19230769230769232,0.6,0.6666666666666666,STL,52,176
454,52,12,13,0.3076923076923077,0.15384615384615385,0.11538461538461539,0.6666666666666666,0.46153846153846156,STL,52,489.5
455,52,13,17,0.25,0.1346153846153846,0.11538461538461539,0.5384615384615384,0.35294117647058826,STL,52,366.5
456,52,21,16,0.21153846153846154,0.1346153846153846,0.07692307692307693,0.3333333333333333,0.25,STL,52,42.5
457,52,10,13,0.3076923076923077,0.09615384615384616,0.17307692307692307,0.5,0.6923076923076923,STL,52,432
458,52,12,11,0.28846153846153844,0.09615384615384616,0.11538461538461539,0.4166666666666667,0.5454545454545454,STL,52,397
459,52,7,9,0.36538461538461536,0.07692307692307693,0.057692307692307696,0.5714285714285714,0.3333333333333333,STL,52,1227
460,52,18,17,0.23076923076923078,0.15384615384615385,0.23076923076923078,0.4444444444444444,0.7058823529411765,STL,52,263
461,52,12,12,0.34615384615384615,0.09615384615384616,0.21153846153846154,0.4166666666666667,0.9166666666666666,STL,52,667.5
462,52,5,4,0.28846153846153844,0.019230769230769232,0.019230769230769232,0.2,0.25,STL,52,242.5
463,52,20,21,0.23076923076923078,0.19230769230769232,0.11538461538461539,0.5,0.2857142857142857,STL,52,30.5
464,35,9,20,0.2571428571428571,0.02857142857142857,0.05714285714285714,0.1111111111111111,0.1,simple,52,1
465,52,15,16,0.23076923076923078,0.1346153846153846,0.1346153846153846,0.4666666666666667,0.4375,STL,52,68
466,52,12,14,0.38461538461538464,0.11538461538461539,0.11538461538461539,0.5,0.42857142857142855,STL,52,450.5
467,52,11,15,0.25,0.11538461538461539,0.1346153846153846,0.5454545454545454,0.4666666666666667,STL,52,250.5
468,52,12,12,0.3076923076923077,0.1346153846153846,0.038461538461538464,0.5833333333333334,0.16666666666666666,STL,52,343.5
469,52,6,5,0.36538461538461536,0.057692307692307696,0.057692307692307696,0.5,0.6,STL,52,479.5
470,52,12,11,0.2692307692307692,0.11538461538461539,0.09615384615384616,0.5,0.45454545454545453,STL,52,168.5
471,52,12,15,0.21153846153846154,0.07692307692307693,0.057692307692307696,0.3333333333333333,0.2,STL,52,149
472,52,14,13,0.28846153846153844,0.17307692307692307,0.11538461538461539,0.6428571428571429,0.46153846153846156,STL,52,246.5
473,52,13,16,0.3269230769230769,0.17307692307692307,0.11538461538461539,0.6923076923076923,0.375,STL,52,279.5
474,52,12,10,0.2692307692307692,0.07692307692307693,0.07692307692307693,0.3333333333333333,0.4,STL,52,281.5
475,52,17,15,0.28846153846153844,0.23076923076923078,0.15384615384615385,0.7058823529411765,0.5333333333333333,STL,52,172
476,52,14,12,0.2692307692307692,0.1346153846153846,0.09615384615384616,0.5,0.4166666666666667,STL,52,180
477,52,14,14,0.3076923076923077,0.15384615384615385,0.11538461538461539,0.5714285714285714,0.42857142857142855,STL,52,121
478,52,10,12,0.2692307692307692,0.11538461538461539,0.15384615384615385,0.6,0.6666666666666666,STL,52,441.5
479,52,7,6,0.36538461538461536,0.11538461538461539,0.057692307692307696,0.8571428571428571,0.5,STL,52,566
480,52,11,11,0.25,0.09615384615384616,0.07692307692307693,0.45454545454545453,0.36363636363636365,STL,52,325.5
481,52,9,10,0.3076923076923077,0.09615384615384616,0.057692307692307696,0.5555555555555556,0.3,STL,52,239
482,52,4,5,0.4423076923076923,0.057692307692307696,0.07692307692307693,0.75,0.8,STL,52,1714.5
483,52,4,3,0.5192307692307693,0.038461538461538464,0.038461538461538464,0.5,0.6666666666666666,STL,52,2371.5
484,52,7,9,0.28846153846153844,0.057692307692307696,0.09615384615384616,0.42857142857142855,0.5555555555555556,STL,52,861
485,52,10,11,0.36538461538461536,0.1346153846153846,0.1346153846153846,0.7,0.6363636363636364,STL,52,440
486,52,15,18,0.19230769230769232,0.15384615384615385,0.23076923076923078,0.5333333333333333,0.6666666666666666,STL,52,244
487,52,12,9,0.2692307692307692,0.1346153846153846,0.07692307692307693,0.5833333333333334,0.4444444444444444,STL,52,686
488,52,17,18,0.21153846153846154,0.09615384615384616,0.11538461538461539,0.29411764705882354,0.3333333333333333,STL,52,147.5
489,52,12,17,0.34615384615384615,0.17307692307692307,0.1346153846153846,0.75,0.4117647058823529,STL,52,160.5
490,52,7,8,0.25,0.07692307692307693,0.09615384615384616,0.5714285714285714,0.625,STL,52,1598.5
491,52,16,16,0.15384615384615385,0.23076923076923078,0.17307692307692307,0.75,0.5625,STL,52,326
492,52,17,15,0.3076923076923077,0.23076923076923078,0.09615384615384616,0.7058823529411765,0.3333333333333333,STL,52,171.5
493,52,13,17,0.3076923076923077,0.17307692307692307,0.17307692307692307,0.6923076923076923,0.5294117647058824,STL,52,348.5
494,52,14,14,0.28846153846153844,0.19230769230769232,0.1346153846153846,0.7142857142857143,0.5,STL,52,253.5
495,52,18,18,0.3269230769230769,0.11538461538461539,0.17307692307692307,0.3333333333333333,0.5,STL,52,61
496,52,13,14,0.28846153846153844,0.11538461538461539,0.11538461538461539,0.46153846153846156,0.42857142857142855,STL,52,557
497,52,9,7,0.34615384615384615,0.09615384615384616,0.07692307692307693,0.5555555555555556,0.5714285714285714,STL,52,2697.5
498,52,14,17,0.17307692307692307,0.11538461538461539,0.11538461538461539,0.42857142857142855,0.35294117647058826,STL,52,149
499,52,13,15,0.3076923076923077,0.11538461538461539,0.11538461538461539,0.46153846153846156,0.4,STL,52,129
500,52,12,15,0.3269230769230769,0.07692307692307693,0.17307692307692307,0.3333333333333333,0.6,STL,52,308.5
501,52,16,19,0.19230769230769232,0.15384615384615385,0.17307692307692307,0.5,0.47368421052631576,STL,52,133
502,52,9,8,0.40384615384615385,0.1346153846153846,0.07692307692307693,0.7777777777777778,0.5,STL,52,315.5
503,52,10,12,0.28846153846153844,0.1346153846153846,0.1346153846153846,0.7,0.5833333333333334,STL,52,207
504,52,12,11,0.34615384615384615,0.15384615384615385,0.17307692307692307,0.6666666666666666,0.8181818181818182,STL,52,388.5
505,52,8,10,0.36538461538461536,0.057692307692307696,0.09615384615384616,0.375,0.5,STL,52,272
506,52,5,6,0.3269230769230769,0.057692307692307696,0.07692307692307693,0.6,0.6666666666666666,STL,52,499.5
507,52,8,7,0.4230769230769231,0.11538461538461539,0.057692307692307696,0.75,0.42857142857142855,STL,52,1360
508,52,18,18,0.25,0.11538461538461539,0.11538461538461539,0.3333333333333333,0.3333333333333333,STL,52,150
509,52,14,17,0.21153846153846154,0.1346153846153846,0.09615384615384616,0.5,0.29411764705882354,STL,52,261
510,52,11,11,0.3269230769230769,0.09615384615384616,0.07692307692307693,0.45454545454545453,0.36363636363636365,STL,52,507
511,52,9,11,0.46153846153846156,0.09615384615384616,0.11538461538461539,0.5555555555555556,0.5454545454545454,STL,52,437.5
512,52,18,18,0.23076923076923078,0.1346153846153846,0.11538461538461539,0.3888888888888889,0.3333333333333333,STL,52,150
513,52,21,22,0.2692307692307692,0.09615384615384616,0.15384615384615385,0.23809523809523808,0.36363636363636365,STL,52,73
514,52,13,11,0.4423076923076923,0.19230769230769232,0.038461538461538464,0.7692307692307693,0.18181818181818182,STL,52,199
515,52,11,12,0.38461538461538464,0.15384615384615385,0.11538461538461539,0.7272727272727273,0.5,STL,52,394.5
516,52,12,10,0.21153846153846154,0.15384615384615385,0.07692307692307693,0.6666666666666666,0.4,STL,52,183
517,52,8,8,0.3269230769230769,0.019230769230769232,0.09615384615384616,0.125,0.625,STL,52,376
518,52,11,10,0.3076923076923077,0.15384615384615385,0.11538461538461539,0.7272727272727273,0.6,STL,52,436.5
519,52,10,11,0.38461538461538464,0.09615384615384616,0.057692307692307696,0.5,0.2727272727272727,STL,52,283.5
520,52,13,12,0.3269230769230769,0.15384615384615385,0.09615384615384616,0.6153846153846154,0.4166666666666667,STL,52,461
521,52,10,14,0.3269230769230769,0.1346153846153846,0.11538461538461539,0.7,0.42857142857142855,STL,52,233.5
522,52,17,20,0.23076923076923078,0.07692307692307693,0.11538461538461539,0.23529411764705882,0.3,STL,52,27
523,52,5,12,0.40384615384615385,0.07692307692307693,0.15384615384615385,0.8,0.6666666666666666,STL,52,230
524,52,13,13,0.3076923076923077,0.15384615384615385,0.1346153846153846,0.6153846153846154,0.5384615384615384,STL,52,239.5
525,52,10,7,0.38461538461538464,0.1346153846153846,0.057692307692307696,0.7,0.42857142857142855,STL,52,1230
526,52,18,16,0.3269230769230769,0.17307692307692307,0.1346153846153846,0.5,0.4375,STL,52,78
527,52,11,13,0.2692307692307692,0.057692307692307696,0.09615384615384616,0.2727272727272727,0.38461538461538464,STL,52,354.5
528,52,16,15,0.25,0.25,0.17307692307692307,0.8125,0.6,STL,52,274.5
529,52,8,10,0.3269230769230769,0.057692307692307696,0.09615384615384616,0.375,0.5,STL,52,202.5
530,52,16,17,0.25,0.17307692307692307,0.09615384615384616,0.5625,0.29411764705882354,STL,52,200
531,52,16,15,0.23076923076923078,0.1346153846153846,0.11538461538461539,0.4375,0.4,STL,52,87
532,52,20,20,0.21153846153846154,0.1346153846153846,0.11538461538461539,0.35,0.3,STL,52,58
533,52,14,13,0.3269230769230769,0.19230769230769232,0.1346153846153846,0.7142857142857143,0.5384615384615384,STL,52,157.5
534,52,9,10,0.4423076923076923,0.17307692307692307,0.15384615384615385,1,0.8,STL,52,232.5
535,52,15,14,0.28846153846153844,0.1346153846153846,0.15384615384615385,0.4666666666666667,0.5714285714285714,STL,52,197
536,52,9,11,0.3076923076923077,0.07692307692307693,0.09615384615384616,0.4444444444444444,0.45454545454545453,STL,52,261.5
537,52,16,14,0.28846153846153844,0.1346153846153846,0.09615384615384616,0.4375,0.35714285714285715,STL,52,124
538,52,10,13,0.2692307692307692,0.11538461538461539,0.11538461538461539,0.6,0.46153846153846156,STL,52,335
539,52,16,15,0.3269230769230769,0.19230769230769232,0.1346153846153846,0.625,0.4666666666666667,STL,52,106.5
540,52,12,10,0.4230769230769231,0.17307692307692307,0.09615384615384616,0.75,0.5,STL,52,105.5
541,52,20,18,0.23076923076923078,0.15384615384615385,0.11538461538461539,0.4,0.3333333333333333,STL,52,33.5
542,52,11,15,0.21153846153846154,0.07692307692307693,0.1346153846153846,0.36363636363636365,0.4666666666666667,STL,52,106.5
543,52,16,15,0.25,0.1346153846153846,0.09615384615384616,0.4375,0.3333333333333333,STL,52,216
544,52,17,14,0.23076923076923078,0.1346153846153846,0.1346153846153846,0.4117647058823529,0.5,STL,52,115
545,52,8,8,0.28846153846153844,0.09615384615384616,0.07692307692307693,0.625,0.5,STL,52,301
546,52,15,11,0.21153846153846154,0.1346153846153846,0.11538461538461539,0.4666666666666667,0.5454545454545454,STL,52,381
547,52,12,12,0.21153846153846154,0.057692307692307696,0.11538461538461539,0.25,0.5,STL,52,146.5
548,52,13,13,0.36538461538461536,0.15384615384615385,0.15384615384615385,0.6153846153846154,0.6153846153846154,STL,52,224.5
549,52,17,16,0.28846153846153844,0.21153846153846154,0.19230769230769232,0.6470588235294118,0.625,STL,52,113
550,52,13,18,0.3076923076923077,0.09615384615384616,0.21153846153846154,0.38461538461538464,0.6111111111111112,STL,52,65.5
551,52,16,16,0.23076923076923078,0.09615384615384616,0.07692307692307693,0.3125,0.25,STL,52,119
552,52,18,16,0.36538461538461536,0.21153846153846154,0.17307692307692307,0.6111111111111112,0.5625,STL,52,45
553,25,3,13,0.44,0.08,0.04,0.6666666666666666,0.07692307692307693,simple,52,1
554,52,14,17,0.19230769230769232,0.15384615384615385,0.15384615384615385,0.5714285714285714,0.47058823529411764,STL,52,70
555,52,12,11,0.3076923076923077,0.15384615384615385,0.11538461538461539,0.6666666666666666,0.5454545454545454,STL,52,225
556,52,17,21,0.23076923076923078,0.057692307692307696,0.1346153846153846,0.17647058823529413,0.3333333333333333,STL,52,23
557,52,9,12,0.2692307692307692,0.1346153846153846,0.09615384615384616,0.7777777777777778,0.4166666666666667,STL,52,123
558,52,19,19,0.21153846153846154,0.11538461538461539,0.07692307692307693,0.3157894736842105,0.21052631578947367,STL,52,47.5
559,52,16,16,0.38461538461538464,0.17307692307692307,0.1346153846153846,0.5625,0.4375,STL,52,108.5
560,52,13,13,0.2692307692307692,0.15384615384615385,0.07692307692307693,0.6153846153846154,0.3076923076923077,STL,52,145
561,52,11,13,0.34615384615384615,0.1346153846153846,0.17307692307692307,0.6363636363636364,0.6923076923076923,STL,52,226.5
562,52,11,13,0.28846153846153844,0.057692307692307696,0.07692307692307693,0.2727272727272727,0.3076923076923077,STL,52,135
563,52,13,15,0.2692307692307692,0.07692307692307693,0.09615384615384616,0.3076923076923077,0.3333333333333333,STL,52,127.5
564,52,15,17,0.19230769230769232,0.15384615384615385,0.17307692307692307,0.5333333333333333,0.5294117647058824,STL,52,63
565,52,10,10,0.4423076923076923,0.17307692307692307,0.11538461538461539,0.9,0.6,STL,52,220.5
566,52,12,13,0.3269230769230769,0.1346153846153846,0.1346153846153846,0.5833333333333334,0.5384615384615384,STL,52,183
567,52,14,17,0.28846153846153844,0.1346153846153846,0.09615384615384616,0.5,0.29411764705882354,STL,52,34.5
568,52,7,7,0.4807692307692308,0.1346153846153846,0.09615384615384616,1,0.7142857142857143,STL,52,1129.5
569,52,11,6,0.34615384615384615,0.17307692307692307,0.07692307692307693,0.8181818181818182,0.6666666666666666,STL,52,351
570,52,16,11,0.34615384615384615,0.25,0.15384615384615385,0.8125,0.7272727272727273,STL,52,221.5
571,52,10,12,0.25,0.038461538461538464,0.09615384615384616,0.2,0.4166666666666667,STL,52,126.5
572,52,12,11,0.3269230769230769,0.15384615384615385,0.09615384615384616,0.6666666666666666,0.45454545454545453,STL,52,219
573,52,13,9,0.25,0.11538461538461539,0.038461538461538464,0.46153846153846156,0.2222222222222222,STL,52,292
574,52,14,16,0.3076923076923077,0.15384615384615385,0.17307692307692307,0.5714285714285714,0.5625,STL,52,138.5
575,52,10,11,0.34615384615384615,0.07692307692307693,0.1346153846153846,0.4,0.6363636363636364,STL,52,111
576,52,8,5,0.4230769230769231,0.07692307692307693,0.038461538461538464,0.5,0.4,STL,52,122.5
577,52,13,13,0.2692307692307692,0.1346153846153846,0.11538461538461539,0.5384615384615384,0.46153846153846156,STL,52,119.5
578,52,11,10,0.23076923076923078,0.1346153846153846,0.11538461538461539,0.6363636363636364,0.6,STL,52,513.5
579,52,15,13,0.21153846153846154,0.1346153846153846,0.09615384615384616,0.4666666666666667,0.38461538461538464,STL,52,110
580,52,7,6,0.36538461538461536,0.07692307692307693,0.07692307692307693,0.5714285714285714,0.6666666666666666,STL,52,145
581,52,20,18,0.2692307692307692,0.11538461538461539,0.11538461538461539,0.3,0.3333333333333333,STL,52,71
582,52,17,15,0.38461538461538464,0.21153846153846154,0.11538461538461539,0.6470588235294118,0.4,STL,52,142.5
583,52,17,13,0.25,0.19230769230769232,0.09615384615384616,0.5882352941176471,0.38461538461538464,STL,52,128.5
584,52,8,8,0.36538461538461536,0.07692307692307693,0.057692307692307696,0.5,0.375,STL,52,361.5
585,52,10,12,0.38461538461538464,0.11538461538461539,0.07692307692307693,0.6,0.3333333333333333,STL,52,137
586,52,11,10,0.3269230769230769,0.11538461538461539,0.11538461538461539,0.5454545454545454,0.6,STL,52,260
587,52,20,18,0.23076923076923078,0.09615384615384616,0.057692307692307696,0.25,0.16666666666666666,STL,52,17
588,52,13,16,0.3076923076923077,0.11538461538461539,0.15384615384615385,0.46153846153846156,0.5,STL,52,168
589,52,11,11,0.23076923076923078,0.1346153846153846,0.07692307692307693,0.6363636363636364,0.36363636363636365,STL,52,179.5
590,52,14,15,0.21153846153846154,0.07692307692307693,0.07692307692307693,0.2857142857142857,0.26666666666666666,STL,52,108.5
591,52,12,10,0.28846153846153844,0.15384615384615385,0.09615384615384616,0.6666666666666666,0.5,STL,52,301
592,52,9,10,0.38461538461538464,0.09615384615384616,0.11538461538461539,0.5555555555555556,0.6,STL,52,204.5
593,52,16,12,0.34615384615384615,0.23076923076923078,0.1346153846153846,0.75,0.5833333333333334,STL,52,145
594,52,8,14,0.2692307692307692,0.07692307692307693,0.07692307692307693,0.5,0.2857142857142857,STL,52,172
595,52,9,11,0.3269230769230769,0.07692307692307693,0.09615384615384616,0.4444444444444444,0.45454545454545453,STL,52,282.5
596,52,10,10,0.38461538461538464,0.057692307692307696,0.057692307692307696,0.3,0.3,STL,52,163.5
597,52,13,12,0.34615384615384615,0.19230769230769232,0.11538461538461539,0.7692307692307693,0.5,STL,52,246.5
598,52,19,22,0.23076923076923078,0.1346153846153846,0.15384615384615385,0.3684210526315789,0.36363636363636365,STL,52,15.5
599,42,16,19,0.3333333333333333,0.11904761904761904,0.07142857142857142,0.3125,0.15789473684210525,simple,52,2
600,52,13,12,0.40384615384615385,0.15384615384615385,0.11538461538461539,0.6153846153846154,0.5,STL,52,268
601,40,12,24,0.225,0.15,0.1,0.5,0.16666666666666666,simple,52,1
602,52,17,21,0.21153846153846154,0.09615384615384616,0.21153846153846154,0.29411764705882354,0.5238095238095238,STL,52,33
603,52,24,23,0.25,0.1346153846153846,0.11538461538461539,0.2916666666666667,0.2608695652173913,STL,52,6
604,52,15,14,0.3076923076923077,0.19230769230769232,0.1346153846153846,0.6666666666666666,0.5,STL,52,376.5
605,52,19,13,0.34615384615384615,0.21153846153846154,0.21153846153846154,0.5789473684210527,0.8461538461538461,STL,52,61
606,52,17,16,0.3076923076923077,0.19230769230769232,0.17307692307692307,0.5882352941176471,0.5625,STL,52,56
607,52,22,21,0.36538461538461536,0.23076923076923078,0.23076923076923078,0.5454545454545454,0.5714285714285714,STL,52,110
608,52,15,14,0.3269230769230769,0.11538461538461539,0.09615384615384616,0.4,0.35714285714285715,STL,52,194
609,52,16,15,0.3076923076923077,0.19230769230769232,0.07692307692307693,0.625,0.26666666666666666,STL,52,92.5
610,52,15,14,0.15384615384615385,0.09615384615384616,0.11538461538461539,0.3333333333333333,0.42857142857142855,STL,52,90.5
611,52,16,18,0.2692307692307692,0.057692307692307696,0.09615384615384616,0.1875,0.2777777777777778,STL,52,60
612,52,16,18,0.2692307692307692,0.15384615384615385,0.11538461538461539,0.5,0.3333333333333333,STL,52,118.5
613,52,24,25,0.19230769230769232,0.11538461538461539,0.1346153846153846,0.25,0.28,STL,52,9
614,51,25,22,0.17647058823529413,0.09803921568627451,0.0392156862745098,0.2,0.09090909090909091,STL,52,5
615,48,18,20,0.22916666666666666,0.020833333333333332,0,0.05555555555555555,0,simple,52,3.5
616,52,18,17,0.3269230769230769,0.21153846153846154,0.21153846153846154,0.6111111111111112,0.6470588235294118,STL,52,65
617,52,16,13,0.21153846153846154,0.15384615384615385,0.038461538461538464,0.5,0.15384615384615385,STL,52,94
618,52,16,12,0.36538461538461536,0.23076923076923078,0.11538461538461539,0.75,0.5,STL,52,412.5
619,52,20,13,0.28846153846153844,0.19230769230769232,0.11538461538461539,0.5,0.46153846153846156,STL,52,205
620,52,21,20,0.23076923076923078,0.1346153846153846,0.09615384615384616,0.3333333333333333,0.25,STL,52,23
621,52,22,18,0.3269230769230769,0.15384615384615385,0.07692307692307693,0.36363636363636365,0.2222222222222222,STL,52,21
622,52,22,21,0.25,0.09615384615384616,0.11538461538461539,0.22727272727272727,0.2857142857142857,STL,52,12.5
623,52,22,27,0.19230769230769232,0.09615384615384616,0.11538461538461539,0.22727272727272727,0.2222222222222222,STL,52,5
624,52,21,21,0.28846153846153844,0.17307692307692307,0.17307692307692307,0.42857142857142855,0.42857142857142855,STL,52,22
625,32,5,16,0.40625,0,0.09375,0,0.1875,simple,51,1
627,52,17,24,0.25,0.019230769230769232,0.11538461538461539,0.058823529411764705,0.25,STL,52,18
628,11,1,7,0.45454545454545453,0,0.18181818181818182,0,0.2857142857142857,simple,47,0
629,52,14,17,0.2692307692307692,0.17307692307692307,0.15384615384615385,0.6428571428571429,0.47058823529411764,STL,52,141
630,52,15,15,0.25,0.11538461538461539,0.09615384615384616,0.4,0.3333333333333333,STL,52,131.5
631,52,14,15,0.38461538461538464,0.07692307692307693,0.1346153846153846,0.2857142857142857,0.4666666666666667,STL,52,65
632,49,22,22,0.2653061224489796,0.10204081632653061,0.12244897959183673,0.22727272727272727,0.2727272727272727,simple,52,3
633,52,15,19,0.17307692307692307,0.038461538461538464,0.19230769230769232,0.13333333333333333,0.5263157894736842,STL,52,366
634,52,7,8,0.36538461538461536,0.09615384615384616,0.07692307692307693,0.7142857142857143,0.5,STL,52,199.5
635,52,15,13,0.3269230769230769,0.09615384615384616,0.057692307692307696,0.3333333333333333,0.23076923076923078,STL,52,172
636,52,23,23,0.15384615384615385,0.1346153846153846,0.11538461538461539,0.30434782608695654,0.2608695652173913,STL,52,34.5
637,52,18,20,0.17307692307692307,0.019230769230769232,0.09615384615384616,0.05555555555555555,0.25,STL,52,24
638,52,13,19,0.34615384615384615,0.15384615384615385,0.23076923076923078,0.6153846153846154,0.631578947368421,STL,52,156.5
639,52,18,16,0.25,0.15384615384615385,0.11538461538461539,0.4444444444444444,0.375,STL,52,109
640,52,14,12,0.2692307692307692,0.17307692307692307,0.15384615384615385,0.6428571428571429,0.6666666666666666,STL,52,287.5
641,52,17,11,0.25,0.19230769230769232,0.038461538461538464,0.5882352941176471,0.18181818181818182,STL,52,102.5
642,52,19,15,0.23076923076923078,0.057692307692307696,0.09615384615384616,0.15789473684210525,0.3333333333333333,STL,52,43.5
643,52,17,17,0.19230769230769232,0.057692307692307696,0.057692307692307696,0.17647058823529413,0.17647058823529413,STL,52,49
644,52,19,18,0.3076923076923077,0.1346153846153846,0.11538461538461539,0.3684210526315789,0.3333333333333333,STL,52,88.5
645,52,16,16,0.36538461538461536,0.11538461538461539,0.09615384615384616,0.375,0.3125,STL,52,52.5
646,52,19,18,0.21153846153846154,0.1346153846153846,0.11538461538461539,0.3684210526315789,0.3333333333333333,STL,52,66
647,52,17,22,0.23076923076923078,0.057692307692307696,0.11538461538461539,0.17647058823529413,0.2727272727272727,STL,52,61.5
648,52,20,21,0.23076923076923078,0.1346153846153846,0.1346153846153846,0.35,0.3333333333333333,STL,52,34
649,52,17,19,0.23076923076923078,0.07692307692307693,0.09615384615384616,0.23529411764705882,0.2631578947368421,STL,52,60
650,52,19,18,0.3076923076923077,0.1346153846153846,0.17307692307692307,0.3684210526315789,0.5,STL,52,37.5
651,52,16,15,0.34615384615384615,0.1346153846153846,0.057692307692307696,0.4375,0.2,STL,52,136
652,52,21,21,0.3076923076923077,0.1346153846153846,0.17307692307692307,0.3333333333333333,0.42857142857142855,STL,52,14
653,52,24,21,0.19230769230769232,0.07692307692307693,0.038461538461538464,0.16666666666666666,0.09523809523809523,STL,52,12
654,52,23,22,0.15384615384615385,0.11538461538461539,0.07692307692307693,0.2608695652173913,0.18181818181818182,STL,52,20.5
655,52,23,21,0.3076923076923077,0.21153846153846154,0.15384615384615385,0.4782608695652174,0.38095238095238093,STL,52,16
656,52,22,22,0.2692307692307692,0.057692307692307696,0.11538461538461539,0.13636363636363635,0.2727272727272727,STL,52,7.5
659,52,9,11,0.40384615384615385,0.11538461538461539,0.17307692307692307,0.6666666666666666,0.8181818181818182,STL,52,506.5
660,52,17,18,0.3076923076923077,0.1346153846153846,0.11538461538461539,0.4117647058823529,0.3333333333333333,STL,52,306
661,52,12,11,0.28846153846153844,0.15384615384615385,0.09615384615384616,0.6666666666666666,0.45454545454545453,STL,52,334
662,52,16,16,0.40384615384615385,0.21153846153846154,0.21153846153846154,0.6875,0.6875,STL,52,96
663,52,22,23,0.2692307692307692,0.17307692307692307,0.1346153846153846,0.4090909090909091,0.30434782608695654,STL,52,10.5
664,52,15,17,0.23076923076923078,0.11538461538461539,0.1346153846153846,0.4,0.4117647058823529,STL,52,197
665,52,10,11,0.34615384615384615,0.1346153846153846,0.15384615384615385,0.7,0.7272727272727273,STL,52,580
666,50,22,26,0.18,0.12,0.12,0.2727272727272727,0.23076923076923078,STL,52,5
667,52,15,18,0.2692307692307692,0.1346153846153846,0.11538461538461539,0.4666666666666667,0.3333333333333333,STL,52,104
668,52,14,13,0.3076923076923077,0.17307692307692307,0.07692307692307693,0.6428571428571429,0.3076923076923077,STL,52,149
669,52,13,18,0.23076923076923078,0.1346153846153846,0.1346153846153846,0.5384615384615384,0.3888888888888889,STL,52,242
670,52,17,11,0.34615384615384615,0.21153846153846154,0.1346153846153846,0.6470588235294118,0.6363636363636364,STL,52,656
671,52,14,8,0.4230769230769231,0.17307692307692307,0.09615384615384616,0.6428571428571429,0.625,STL,52,719
672,52,13,10,0.4230769230769231,0.15384615384615385,0.1346153846153846,0.6153846153846154,0.7,STL,52,299.5
673,52,14,12,0.25,0.15384615384615385,0.15384615384615385,0.5714285714285714,0.6666666666666666,STL,52,139.5
674,52,17,18,0.28846153846153844,0.15384615384615385,0.09615384615384616,0.47058823529411764,0.2777777777777778,STL,52,36
675,52,13,19,0.25,0.07692307692307693,0.17307692307692307,0.3076923076923077,0.47368421052631576,STL,52,103
676,52,18,22,0.09615384615384616,0.09615384615384616,0.09615384615384616,0.2777777777777778,0.22727272727272727,STL,52,60.5
678,52,20,20,0.3076923076923077,0.1346153846153846,0.11538461538461539,0.35,0.3,STL,52,12
680,52,12,17,0.25,0.09615384615384616,0.07692307692307693,0.4166666666666667,0.23529411764705882,STL,52,100
681,52,17,20,0.2692307692307692,0.15384615384615385,0.15384615384615385,0.47058823529411764,0.4,STL,52,137
682,52,20,15,0.11538461538461539,0.17307692307692307,0.057692307692307696,0.45,0.2,STL,52,88.5
683,52,19,19,0.15384615384615385,0.11538461538461539,0.09615384615384616,0.3157894736842105,0.2631578947368421,STL,52,82
684,52,18,17,0.36538461538461536,0.15384615384615385,0.15384615384615385,0.4444444444444444,0.47058823529411764,STL,52,103.5
685,52,20,17,0.19230769230769232,0.23076923076923078,0.15384615384615385,0.6,0.47058823529411764,STL,52,117
686,52,14,10,0.2692307692307692,0.057692307692307696,0,0.21428571428571427,0,STL,52,259
687,52,17,24,0.28846153846153844,0.19230769230769232,0.19230769230769232,0.5882352941176471,0.4166666666666667,STL,52,52
688,52,16,18,0.23076923076923078,0.11538461538461539,0.17307692307692307,0.375,0.5,STL,52,110
689,52,18,25,0.3076923076923077,0.07692307692307693,0.21153846153846154,0.2222222222222222,0.44,STL,52,71.5
690,52,19,21,0.19230769230769232,0.09615384615384616,0.07692307692307693,0.2631578947368421,0.19047619047619047,STL,52,43.5
691,52,17,21,0.23076923076923078,0.07692307692307693,0.15384615384615385,0.23529411764705882,0.38095238095238093,STL,52,196
692,52,9,11,0.38461538461538464,0.09615384615384616,0.07692307692307693,0.5555555555555556,0.36363636363636365,STL,52,163.5
693,52,19,24,0.15384615384615385,0.07692307692307693,0.1346153846153846,0.21052631578947367,0.2916666666666667,STL,52,77.5
694,52,16,21,0.15384615384615385,0.07692307692307693,0.11538461538461539,0.25,0.2857142857142857,STL,52,131
695,52,14,19,0.17307692307692307,0.07692307692307693,0.1346153846153846,0.2857142857142857,0.3684210526315789,STL,52,117.5
696,52,15,16,0.3076923076923077,0.19230769230769232,0.09615384615384616,0.6666666666666666,0.3125,STL,52,157
697,52,11,16,0.23076923076923078,0.11538461538461539,0.17307692307692307,0.5454545454545454,0.5625,STL,52,109.5
698,52,9,7,0.2692307692307692,0.057692307692307696,0.057692307692307696,0.3333333333333333,0.42857142857142855,STL,52,145.5
699,52,11,14,0.28846153846153844,0.057692307692307696,0.07692307692307693,0.2727272727272727,0.2857142857142857,STL,52,52.5
700,52,12,11,0.3269230769230769,0.09615384615384616,0.07692307692307693,0.4166666666666667,0.36363636363636365,STL,52,512.5
701,52,15,14,0.34615384615384615,0.15384615384615385,0.11538461538461539,0.5333333333333333,0.42857142857142855,STL,52,66
702,52,20,25,0.28846153846153844,0.15384615384615385,0.23076923076923078,0.4,0.48,STL,52,24.5
703,52,19,17,0.2692307692307692,0.11538461538461539,0.11538461538461539,0.3157894736842105,0.35294117647058826,STL,52,136.5
704,52,12,11,0.3076923076923077,0.17307692307692307,0.1346153846153846,0.75,0.6363636363636364,STL,52,239.5
705,52,15,17,0.3076923076923077,0.09615384615384616,0.15384615384615385,0.3333333333333333,0.47058823529411764,STL,52,104.5
706,52,24,18,0.28846153846153844,0.1346153846153846,0.057692307692307696,0.2916666666666667,0.16666666666666666,STL,52,11
707,52,24,19,0.17307692307692307,0.17307692307692307,0.038461538461538464,0.375,0.10526315789473684,STL,52,24
708,52,19,16,0.25,0.19230769230769232,0.17307692307692307,0.5263157894736842,0.5625,STL,52,69
709,52,21,19,0.11538461538461539,0.1346153846153846,0.07692307692307693,0.3333333333333333,0.21052631578947367,STL,52,63
710,52,22,16,0.3269230769230769,0.19230769230769232,0.07692307692307693,0.45454545454545453,0.25,STL,52,19
711,49,19,20,0.3877551020408163,0.14285714285714285,0.10204081632653061,0.3684210526315789,0.25,simple,52,3
712,52,23,16,0.34615384615384615,0.19230769230769232,0.11538461538461539,0.43478260869565216,0.375,STL,52,8
713,35,14,15,0.42857142857142855,0.17142857142857143,0.11428571428571428,0.42857142857142855,0.26666666666666666,simple,40,3
716,49,17,22,0.2857142857142857,0.061224489795918366,0.12244897959183673,0.17647058823529413,0.2727272727272727,simple,51,3
720,52,21,17,0.23076923076923078,0.057692307692307696,0.057692307692307696,0.14285714285714285,0.17647058823529413,STL,52,39.5
721,52,16,20,0.21153846153846154,0.11538461538461539,0.19230769230769232,0.375,0.5,STL,52,78
722,52,17,18,0.2692307692307692,0.11538461538461539,0.09615384615384616,0.35294117647058826,0.2777777777777778,STL,52,52.5
726,26,6,14,0.23076923076923078,0,0,0,0,simple,51,1
729,52,17,20,0.11538461538461539,0.1346153846153846,0.17307692307692307,0.4117647058823529,0.45,STL,52,72
730,52,11,10,0.40384615384615385,0.17307692307692307,0.17307692307692307,0.8181818181818182,0.9,STL,52,405
731,52,16,21,0.25,0.17307692307692307,0.25,0.5625,0.6190476190476191,STL,52,77.5
732,52,16,16,0.28846153846153844,0.19230769230769232,0.11538461538461539,0.625,0.375,STL,52,52.5
733,52,18,14,0.4230769230769231,0.21153846153846154,0.15384615384615385,0.6111111111111112,0.5714285714285714,STL,52,145
734,52,21,18,0.19230769230769232,0.17307692307692307,0.057692307692307696,0.42857142857142855,0.16666666666666666,STL,52,24
735,39,13,16,0.4358974358974359,0.10256410256410256,0.07692307692307693,0.3076923076923077,0.1875,simple,52,2
738,52,18,13,0.23076923076923078,0.15384615384615385,0.09615384615384616,0.4444444444444444,0.38461538461538464,STL,52,105
739,52,21,18,0.11538461538461539,0.07692307692307693,0.038461538461538464,0.19047619047619047,0.1111111111111111,STL,52,21
740,52,21,28,0.15384615384615385,0.07692307692307693,0.17307692307692307,0.19047619047619047,0.32142857142857145,STL,52,10.5
741,52,22,20,0.2692307692307692,0.15384615384615385,0.1346153846153846,0.36363636363636365,0.35,STL,52,17
743,52,14,17,0.25,0.1346153846153846,0.11538461538461539,0.5,0.35294117647058826,STL,52,132
744,52,10,13,0.2692307692307692,0.1346153846153846,0.1346153846153846,0.7,0.5384615384615384,STL,52,174.5
745,52,11,12,0.2692307692307692,0.15384615384615385,0.15384615384615385,0.7272727272727273,0.6666666666666666,STL,52,228.5
746,52,7,10,0.40384615384615385,0.09615384615384616,0.1346153846153846,0.7142857142857143,0.7,STL,52,213.5
747,52,12,14,0.2692307692307692,0.1346153846153846,0.11538461538461539,0.5833333333333334,0.42857142857142855,STL,52,103.5
748,52,16,15,0.36538461538461536,0.21153846153846154,0.17307692307692307,0.6875,0.6,STL,52,152.5
749,52,13,13,0.28846153846153844,0.11538461538461539,0.09615384615384616,0.46153846153846156,0.38461538461538464,STL,52,197
750,52,15,18,0.19230769230769232,0.1346153846153846,0.15384615384615385,0.4666666666666667,0.4444444444444444,STL,52,147.5
751,52,12,14,0.38461538461538464,0.1346153846153846,0.19230769230769232,0.5833333333333334,0.7142857142857143,STL,52,188.5
752,52,7,6,0.40384615384615385,0.057692307692307696,0.019230769230769232,0.42857142857142855,0.16666666666666666,STL,52,400.5
753,52,13,14,0.21153846153846154,0.07692307692307693,0.1346153846153846,0.3076923076923077,0.5,STL,52,134.5
754,52,12,17,0.36538461538461536,0.15384615384615385,0.21153846153846154,0.6666666666666666,0.6470588235294118,STL,52,174.5
755,52,11,11,0.3269230769230769,0.1346153846153846,0.15384615384615385,0.6363636363636364,0.7272727272727273,STL,52,227
756,52,16,21,0.28846153846153844,0.057692307692307696,0.1346153846153846,0.1875,0.3333333333333333,STL,52,27
758,52,21,22,0.15384615384615385,0.1346153846153846,0.07692307692307693,0.3333333333333333,0.18181818181818182,STL,52,34
759,51,24,22,0.23529411764705882,0.11764705882352941,0.0784313725490196,0.25,0.18181818181818182,STL,52,6
760,52,20,25,0.17307692307692307,0.09615384615384616,0.1346153846153846,0.25,0.28,STL,52,22.5
761,52,23,24,0.17307692307692307,0.057692307692307696,0.15384615384615385,0.13043478260869565,0.3333333333333333,STL,52,12
762,52,26,19,0.28846153846153844,0.19230769230769232,0.1346153846153846,0.38461538461538464,0.3684210526315789,STL,52,19
763,52,16,20,0.21153846153846154,0.11538461538461539,0.19230769230769232,0.375,0.5,STL,52,52
